year,industry_naics,mfg_inputs,omega_mfg,imported_inputs,omega_import,t_row_label,T001,T005,T006,T007,T008,V00100,V00200,V00300,total_final_use,personal_consumption_exp,nonres_invest_equipment,nonres_invest_ip,res_invest,nonres_invest_structures,change_inventories,exports,imports,fed_defense_consumption_exp,fed_defense_invest_equipment,fed_defense_invest_ip,fed_defense_invest_structures,fed_nondefense_consumption_exp,fed_nondefense_invest_equipment,fed_nondefense_invest_ip,fed_nondefense_invest_structures,state_local_consumption_exp,state_local_invest_equipment,state_local_invest_ip,state_local_invest_structures
2007,1111A0,3146,0.23470605789316623,1065,0.07945389435989257,Oilseed farming,16476,13404,11139,24160,24543,231,710,10198,7684,NA,NA,NA,NA,NA,912,7375,-602,NA,NA,NA,NA,NA,NA,NA,NA,NA,NA,NA,NA
2007,1111B0,13643,0.30486469576098857,4655,0.10402002189895197,Grain farming,36236,44751,7098,51041,51849,2250,-8420,13269,14805,1038,NA,NA,NA,NA,1886,13226,-1345,NA,NA,NA,NA,NA,NA,NA,NA,NA,NA,NA,NA
2007,111200,2459,0.26477872294605365,778,0.08377301604393238,Vegetable and melon farming,3464,9287,9457,18453,18744,2648,245,6563,14989,17579,NA,NA,NA,NA,104,1805,-4499,NA,NA,NA,NA,NA,NA,NA,NA,NA,NA,NA,NA
2007,111300,1816,0.26204906204906203,470,0.06782106782106782,Fruit and tree nut farming,9704,6930,12049,18684,18979,3656,429,7964,8980,15455,NA,NA,NA,NA,142,2895,-9513,NA,NA,NA,NA,NA,NA,NA,NA,NA,NA,NA,NA
2007,111400,2145,0.2586830680173661,684,0.0824891461649783,"Greenhouse, nursery, and floriculture production",9329,8292,10308,18520,18600,5709,310,4288,9192,10462,NA,NA,NA,NA,78,625,-1974,NA,NA,NA,NA,NA,NA,NA,NA,NA,NA,NA,NA
2007,111900,2752,0.24993188629552265,1202,0.10916356370901825,Other crop farming,16890,11011,10169,20112,21180,4209,-359,6319,3222,166,NA,NA,NA,NA,145,3960,-1049,NA,NA,NA,NA,NA,NA,NA,NA,NA,NA,NA,NA
2007,112120,9215,0.3826509426127398,1559,0.0647371480774022,Dairy cattle and milk production,35397,24082,12118,35639,36200,2314,615,9188,242,185,NA,NA,NA,NA,46,19,-9,NA,NA,NA,NA,NA,NA,NA,NA,NA,NA,NA,NA
2007,1121A0,6842,0.19949848378819687,1761,0.051347095871238625,"Beef cattle ranching and farming, including feedlots and dual-purpose ranching and farming",58180,34296,23062,56569,57358,799,1305,20959,-1611,109,NA,NA,NA,NA,122,103,-1945,NA,NA,NA,NA,NA,NA,NA,NA,NA,NA,NA,NA
2007,112300,13159,0.4596548833310046,851,0.02972614223836803,Poultry and egg production,28293,28628,4891,32995,33519,1720,627,2544,4702,4397,NA,NA,NA,NA,-94,456,-58,NA,NA,NA,NA,NA,NA,NA,NA,NA,NA,NA,NA
2007,112A00,1768,0.2824732385365074,279,0.04457581083240134,"Animal production, except cattle and poultry and eggs",21515,6259,17562,23780,23821,1802,661,15100,2265,3194,NA,NA,NA,NA,170,931,-2030,NA,NA,NA,NA,NA,NA,NA,NA,NA,NA,NA,NA
2007,113000,647,0.07216954824316787,168,0.018739542665923033,Forestry and logging,22646,8965,10129,20940,19094,6693,298,3137,-1706,NA,NA,NA,NA,NA,-583,1660,-2783,NA,NA,NA,NA,NA,NA,NA,NA,NA,NA,NA,NA
2007,114000,609,0.29069212410501194,207,0.09880668257756563,"Fishing, hunting and trapping",10129,2095,4823,7132,6918,605,626,3592,-2997,5343,NA,NA,NA,NA,-4,3319,-11654,NA,NA,NA,NA,NA,NA,NA,NA,NA,NA,NA,NA
2007,115000,2564,0.504029880086495,765,0.15038333005700805,Support activities for agriculture and forestry,23308,5087,13457,23437,18545,9166,386,3905,129,165,NA,NA,NA,NA,NA,13,-49,NA,NA,NA,NA,NA,NA,NA,NA,NA,NA,NA,NA
2007,211000,12979,0.18295484980476734,12854,0.181192822204367,Oil and gas extraction,508026,70941,205966,235933,276907,22581,27601,155784,-272093,NA,NA,NA,NA,NA,939,4904,-277936,NA,NA,NA,NA,NA,NA,NA,NA,NA,NA,NA,NA
2007,212100,5878,0.3238924399382852,1950,0.10744985673352435,Coal mining,34300,18148,24623,35266,42771,7334,2478,14811,966,22,NA,NA,NA,NA,-36,2896,-1916,NA,NA,NA,NA,NA,NA,NA,NA,NA,NA,NA,NA
2007,212230,1511,0.26092212053185976,432,0.07459851493697116,"Copper, nickel, lead, and zinc mining",8836,5791,7187,11298,12978,1342,412,5433,2462,NA,NA,NA,NA,NA,71,2574,-183,NA,NA,NA,NA,NA,NA,NA,NA,NA,NA,NA,NA
2007,2122A0,2911,0.41214781254424465,989,0.1400254849214215,"Iron, gold, silver, and other metal ore mining",10164,7063,7457,12843,14521,1749,687,5021,2679,NA,166,NA,NA,NA,-141,5187,-2533,NA,NA,NA,NA,NA,NA,NA,NA,NA,NA,NA,NA
2007,212310,1954,0.2351666867252377,684,0.08232037549644963,Stone mining and quarrying,15651,8309,10932,15037,19241,2854,469,7609,-614,NA,NA,NA,NA,NA,-413,115,-316,NA,NA,NA,NA,NA,NA,NA,NA,NA,NA,NA,NA
2007,2123A0,1996,0.27818815331010455,728,0.10146341463414635,Other nonmetallic mineral mining and quarrying,12487,7175,7814,11939,14989,2983,487,4345,-548,171,NA,NA,NA,NA,-224,1071,-1566,NA,NA,NA,NA,NA,NA,NA,NA,NA,NA,NA,NA
2007,213111,5666,0.2819747188215388,1809,0.09002687369363989,Drilling oil and gas wells,45,20094,20256,52686,40350,9066,346,10844,52642,NA,NA,NA,NA,52643,-1,NA,NA,NA,NA,NA,NA,NA,NA,NA,NA,NA,NA,NA,NA
2007,21311A,6422,0.26025287728967417,2092,0.08477873237153509,Other support activities for mining,10880,24676,29885,63819,54562,14800,1061,14023,52939,NA,1526,NA,NA,49584,16,2474,-661,NA,NA,NA,NA,NA,NA,NA,NA,NA,NA,NA,NA
2007,221100,24647,0.17452045288790388,21792,0.15430477175044433,"Electric power generation, transmission, and distribution",187886,141227,176013,335984,317240,46194,42965,86854,148098,148295,NA,NA,NA,NA,NA,3040,-3237,NA,NA,NA,NA,NA,NA,NA,NA,NA,NA,NA,NA
2007,221200,2454,0.032659036465264836,13782,0.1834176204418419,Natural gas distribution,89649,75140,48743,151820,123883,13196,7535,28013,62171,61680,NA,NA,NA,NA,NA,491,NA,NA,NA,NA,NA,NA,NA,NA,NA,NA,NA,NA,NA
2007,221300,228,0.06739580254212238,142,0.04197457877623411,"Water, sewage and other systems",24163,3383,7126,55269,10509,3694,870,2563,31106,30491,NA,NA,NA,NA,NA,615,NA,NA,NA,NA,NA,NA,NA,NA,NA,NA,NA,NA,NA
2007,230301,35247,0.5670914180905493,4852,0.07806416320751682,Nonresidential maintenance and repair,145763,62154,80751,145835,142905,50261,1583,28906,72,NA,NA,NA,NA,NA,NA,72,NA,NA,NA,NA,NA,NA,NA,NA,NA,NA,NA,NA,NA
2007,230302,15088,0.520150308546213,2227,0.07677457165511772,Residential maintenance and repair,71034,29007,38313,71048,67320,23634,684,13995,14,NA,NA,NA,NA,NA,NA,14,NA,NA,NA,NA,NA,NA,NA,NA,NA,NA,NA,NA,NA
2007,233210,13748,0.6230399709961026,5084,0.23039970996102602,Health care structures,NA,22066,24063,48250,46129,14421,277,9364,48250,NA,NA,NA,NA,40055,NA,NA,NA,NA,NA,NA,88,NA,NA,NA,1546,NA,NA,NA,6561
2007,233230,6638,0.6233449150154944,1698,0.15945159169875106,Manufacturing structures,NA,10649,22738,40863,33387,18844,236,3659,40863,NA,NA,NA,NA,40215,NA,NA,NA,NA,NA,NA,1,NA,NA,NA,642,NA,NA,NA,5
2007,233240,10411,0.4872466888192072,2066,0.09669115926428605,Power and communication structures,NA,21367,51895,90237,73261,27787,594,23514,90237,NA,NA,NA,NA,81603,NA,NA,NA,NA,NA,NA,482,NA,NA,NA,228,NA,NA,NA,7924
2007,233262,23205,0.6069522912743252,8905,0.23292006695961498,Educational and vocational structures,NA,38232,45390,89003,83622,25363,431,19595,89003,NA,NA,NA,NA,16837,NA,NA,NA,NA,NA,NA,291,NA,NA,NA,327,NA,NA,NA,71548
2007,2332A0,46404,0.6674625663449506,4321,0.062152093551774236,Office and commercial structures,NA,69523,86993,169171,156515,69312,466,17215,169171,NA,NA,NA,NA,141327,NA,NA,NA,NA,NA,NA,2037,NA,NA,NA,3367,NA,NA,NA,22440
2007,2332C0,27426,0.6131729565372921,3041,0.06798873189053836,Transportation structures and highways and streets,NA,44728,55637,106973,100364,33706,721,21209,106973,NA,NA,NA,NA,10168,NA,NA,NA,NA,NA,NA,626,NA,NA,NA,937,NA,NA,NA,95242
2007,2332D0,24383,0.5903588203961068,2661,0.06442787274224009,Other nonresidential structures,NA,41302,72434,121341,113737,53248,542,18645,121341,NA,NA,NA,NA,63339,NA,NA,NA,NA,NA,NA,3744,NA,NA,NA,4297,NA,NA,NA,49961
2007,233411,66856,0.4895257481346972,9234,0.06761219274673617,Single-family residential structures,NA,136573,143397,308064,279970,101285,772,41340,308064,NA,NA,NA,305185,NA,NA,NA,NA,NA,NA,NA,1997,NA,NA,NA,NA,NA,NA,NA,882
2007,233412,12292,0.48633036597428286,1350,0.05341246290801187,Multifamily residential structures,NA,25275,25985,54288,51260,10654,165,15166,54288,NA,NA,NA,48959,NA,NA,NA,NA,NA,NA,NA,613,NA,NA,NA,NA,NA,NA,NA,4716
2007,2334A0,62511,0.511019734153001,8622,0.07048378921897225,Other residential structures,5159,122326,68148,191006,190474,11482,1781,54885,185847,NA,NA,NA,180529,NA,NA,NA,NA,NA,NA,NA,135,NA,NA,NA,NA,NA,NA,NA,5183
2007,311111,5816,0.6265890971773325,686,0.07390648567119155,Dog and cat food manufacturing,261,9282,4854,14034,14135,2156,277,2421,13773,13046,NA,NA,NA,NA,155,882,-311,NA,NA,NA,NA,NA,NA,NA,NA,NA,NA,NA,NA
2007,311119,7623,0.38638552384814234,1248,0.06325713416797607,Other animal food manufacturing,22171,19729,3645,25009,23373,2032,360,1252,2838,1549,NA,NA,NA,NA,434,1213,-358,NA,NA,NA,NA,NA,NA,NA,NA,NA,NA,NA,NA
2007,311210,1044,0.10294842717680702,481,0.0474312198008086,Flour milling and malt manufacturing,9384,10141,3215,12896,13357,1880,129,1207,3512,2807,NA,NA,NA,NA,160,1308,-762,NA,NA,NA,NA,NA,NA,NA,NA,NA,NA,NA,NA
2007,311221,762,0.08033737480231945,275,0.028993147074327884,Wet corn milling,8787,9485,2290,9760,11776,1504,82,704,973,358,NA,NA,NA,NA,33,1169,-587,NA,NA,NA,NA,NA,NA,NA,NA,NA,NA,NA,NA
2007,311224,1540,0.08368200836820083,310,0.01684507960658588,Soybean and other oilseed processing,19642,18403,2797,20495,21200,716,244,1837,853,442,NA,NA,NA,NA,344,3492,-3426,NA,NA,NA,NA,NA,NA,NA,NA,NA,NA,NA,NA
2007,311225,6861,0.5833687611597653,494,0.0420032310177706,Fats and oils refining and blending,8082,11761,1303,12823,13064,394,107,803,4740,4462,NA,NA,NA,NA,78,351,-152,NA,NA,NA,NA,NA,NA,NA,NA,NA,NA,NA,NA
2007,311230,3332,0.5984195402298851,310,0.05567528735632184,Breakfast cereal manufacturing,320,5568,4317,8691,9885,1913,65,2338,8371,7962,NA,NA,NA,NA,39,754,-384,NA,NA,NA,NA,NA,NA,NA,NA,NA,NA,NA,NA
2007,311300,10037,0.49930355188538456,3148,0.15660133320067654,Sugar and confectionery product manufacturing,11204,20102,6932,27478,27033,3860,217,2855,16274,19558,NA,NA,NA,NA,-273,1488,-4499,NA,NA,NA,NA,NA,NA,NA,NA,NA,NA,NA,NA
2007,311410,8552,0.4668631946719074,1322,0.07216945081340757,Frozen food manufacturing,5752,18318,6727,24954,25045,4264,191,2272,19203,20668,NA,NA,NA,NA,-168,1023,-2320,NA,NA,NA,NA,NA,NA,NA,NA,NA,NA,NA,NA
2007,311420,17403,0.620826198630137,2939,0.10484446347031963,"Fruit and vegetable canning, pickling, and drying",13526,28032,6889,34049,34921,4231,219,2439,20523,22822,NA,NA,NA,NA,43,2608,-4950,NA,NA,NA,NA,NA,NA,NA,NA,NA,NA,NA,NA
2007,311513,9490,0.32622894465452046,753,0.02588518391199725,Cheese manufacturing,18655,29090,2777,29847,31867,1374,279,1124,11192,11537,NA,NA,NA,NA,293,615,-1254,NA,NA,NA,NA,NA,NA,NA,NA,NA,NA,NA,NA
2007,311514,3768,0.3987301587301587,554,0.05862433862433863,"Dry, condensed, and evaporated dairy product manufacturing",6559,9450,4022,14444,13472,1694,177,2151,7885,6413,NA,NA,NA,NA,143,2062,-732,NA,NA,NA,NA,NA,NA,NA,NA,NA,NA,NA,NA
2007,31151A,7381,0.2539218384477776,718,0.024700701802669603,Fluid milk and butter manufacturing,12136,29068,4670,31880,33738,2488,325,1856,19744,19659,NA,NA,NA,NA,65,353,-333,NA,NA,NA,NA,NA,NA,NA,NA,NA,NA,NA,NA
2007,311520,4233,0.5815359252644594,398,0.054677840362687184,Ice cream and frozen dessert manufacturing,6136,7279,1318,9021,8597,915,55,348,2885,2806,NA,NA,NA,NA,-1,120,-41,NA,NA,NA,NA,NA,NA,NA,NA,NA,NA,NA,NA
2007,311615,10879,0.2700777041284973,769,0.019090886522181674,Poultry processing,19603,40281,8898,49294,49178,5797,365,2736,29692,26748,NA,NA,NA,NA,-102,3293,-247,NA,NA,NA,NA,NA,NA,NA,NA,NA,NA,NA,NA
2007,31161A,22695,0.24115140631807122,4981,0.05292686295969653,"Animal (except poultry) slaughtering, rendering, and processing",51775,94111,13286,107324,107397,7859,907,4520,55549,52534,NA,NA,NA,NA,342,8373,-5700,NA,NA,NA,NA,NA,NA,NA,NA,NA,NA,NA,NA
2007,311700,1744,0.1953623837795452,4155,0.46544191777752886,Seafood product preparation and packaging,7802,8927,1369,10130,10296,874,79,415,2328,4159,NA,NA,NA,NA,-142,414,-2104,NA,NA,NA,NA,NA,NA,NA,NA,NA,NA,NA,NA
2007,311810,10043,0.49018937914877003,1537,0.07501952362358454,Bread and bakery product manufacturing,8598,20488,12620,42945,33109,9781,281,2558,34347,35544,NA,NA,NA,NA,182,832,-2212,NA,NA,NA,NA,NA,NA,NA,NA,NA,NA,NA,NA
2007,3118A0,7917,0.5937898447461186,747,0.056026400660016504,"Cookie, cracker, pasta, and tortilla manufacturing",2807,13333,7357,20577,20690,4273,204,2879,17770,17967,NA,NA,NA,NA,57,348,-602,NA,NA,NA,NA,NA,NA,NA,NA,NA,NA,NA,NA
2007,311910,5845,0.395814992889551,961,0.06507753775309813,Snack food manufacturing,3820,14767,9008,24188,23775,3071,238,5699,20368,19246,NA,NA,NA,NA,33,2369,-1280,NA,NA,NA,NA,NA,NA,NA,NA,NA,NA,NA,NA
2007,311920,1580,0.29688087185268697,1857,0.34892897406989853,Coffee and tea manufacturing,3105,5322,2415,7357,7737,825,90,1499,4252,4489,NA,NA,NA,NA,67,675,-979,NA,NA,NA,NA,NA,NA,NA,NA,NA,NA,NA,NA
2007,311930,1768,0.5333333333333333,533,0.1607843137254902,Flavoring syrup and concentrate manufacturing,14332,3315,5810,11144,9125,3063,56,2691,-3188,167,NA,NA,NA,NA,-22,376,-3710,NA,NA,NA,NA,NA,NA,NA,NA,NA,NA,NA,NA
2007,311940,5869,0.5559871163319439,1190,0.11273209549071618,Seasoning and dressing manufacturing,5883,10556,3499,14042,14054,1543,134,1822,8159,8774,NA,NA,NA,NA,12,648,-1275,NA,NA,NA,NA,NA,NA,NA,NA,NA,NA,NA,NA
2007,311990,3608,0.2564685811771396,2766,0.1966164344611885,All other food manufacturing,5477,14068,4703,19395,18771,2948,149,1607,13918,13563,NA,NA,NA,NA,63,2437,-2146,NA,NA,NA,NA,NA,NA,NA,NA,NA,NA,NA,NA
2007,312110,26482,0.722959322959323,7092,0.19361179361179362,Soft drink and ice manufacturing,4748,36630,8173,42683,44802,5027,418,2727,37935,39358,NA,NA,NA,NA,159,577,-2159,NA,NA,NA,NA,NA,NA,NA,NA,NA,NA,NA,NA
2007,312120,8024,0.6604115226337448,800,0.06584362139917696,Breweries,3693,12150,11968,24026,24118,3043,3159,5766,20333,23675,NA,NA,NA,NA,207,267,-3815,NA,NA,NA,NA,NA,NA,NA,NA,NA,NA,NA,NA
2007,312130,2680,0.3201911589008363,1204,0.14384707287933093,Wineries,4286,8370,4811,13012,13181,2209,678,1923,8725,13459,NA,NA,NA,NA,392,682,-5808,NA,NA,NA,NA,NA,NA,NA,NA,NA,NA,NA,NA
2007,312140,2024,0.4929371651242085,281,0.06843643448611787,Distilleries,5393,4106,6099,11185,10205,667,3272,2161,5792,9683,NA,NA,NA,NA,298,590,-4779,NA,NA,NA,NA,NA,NA,NA,NA,NA,NA,NA,NA
2007,312200,9453,0.6672077922077922,1269,0.08956804065499718,Tobacco manufacturing,7714,14168,38409,52952,52577,3879,8762,25768,45239,44811,NA,NA,NA,NA,-200,1982,-1353,NA,NA,NA,NA,NA,NA,NA,NA,NA,NA,NA,NA
2007,313100,3444,0.4479126024190402,781,0.10157367668097282,"Fiber, yarn, and thread mills",5039,7689,1629,5542,9318,1263,97,269,503,205,NA,NA,NA,NA,-27,1135,-810,NA,NA,NA,NA,NA,NA,NA,NA,NA,NA,NA,NA
2007,313200,6772,0.5974942650432328,1420,0.12528674783836244,Fabric mills,13368,11334,5938,13705,17272,3984,190,1764,338,1618,3,NA,NA,NA,-16,4561,-5828,NA,NA,NA,NA,NA,NA,NA,NA,NA,NA,NA,NA
2007,313300,4366,0.647102415888543,1342,0.19890321624425672,Textile and fabric finishing and fabric coating mills,10443,6747,2470,10736,9217,2265,95,110,293,551,NA,NA,NA,NA,-174,779,-863,NA,NA,NA,NA,NA,NA,NA,NA,NA,NA,NA,NA
2007,314110,8809,0.8016198016198016,1405,0.12785512785512784,Carpet and rug mills,1801,10989,3812,14749,14801,2817,124,870,12949,10206,3268,NA,908,NA,-8,753,-2182,NA,NA,NA,NA,NA,0,NA,NA,NA,5,NA,NA
2007,314120,1897,0.6913265306122449,573,0.2088192419825073,Curtain and linen mills,6516,2744,1181,4338,3925,734,53,394,-2178,7647,NA,NA,NA,NA,-2,648,-10470,NA,NA,NA,NA,NA,NA,NA,NA,NA,NA,NA,NA
2007,314900,3528,0.6246458923512748,777,0.13757082152974504,Other textile product mills,9288,5648,4262,10567,9911,3370,118,773,1278,4810,NA,NA,NA,NA,61,1740,-5363,NA,NA,NA,NA,NA,30,NA,NA,NA,NA,NA,NA
2007,315000,6311,0.5071927991641887,2032,0.16330466929197138,Apparel manufacturing,11989,12443,8806,20223,21250,7765,209,832,8234,98035,NA,NA,NA,NA,-588,2645,-91858,NA,NA,NA,NA,NA,NA,NA,NA,NA,NA,NA,NA
2007,316000,2775,0.5008121277747699,1192,0.21512362389460385,Leather and allied product manufacturing,6680,5541,3041,8499,8583,2886,112,43,1819,33417,NA,NA,NA,NA,-103,1822,-33317,NA,NA,NA,NA,NA,NA,NA,NA,NA,NA,NA,NA
2007,321100,6423,0.30733527919996173,1366,0.06536197904205943,Sawmills and wood preservation,35958,20899,7038,30830,27937,5839,203,997,-5129,NA,NA,NA,NA,NA,-322,2197,-7004,NA,NA,NA,NA,NA,NA,NA,NA,NA,NA,NA,NA
2007,321200,9016,0.5631480324797001,1945,0.12148657089319176,"Veneer, plywood, and engineered wood product manufacturing",27270,16010,5685,21319,21694,4611,153,921,-5951,NA,NA,NA,NA,NA,-254,1216,-6912,NA,NA,NA,NA,NA,NA,NA,NA,NA,NA,NA,NA
2007,321910,11048,0.5670875680114978,2751,0.14120726824761318,Millwork,27018,19482,8467,25005,27950,7026,195,1246,-2013,NA,NA,NA,NA,NA,-300,428,-2141,NA,NA,NA,NA,NA,NA,NA,NA,NA,NA,NA,NA
2007,3219A0,11353,0.6535605319210178,2721,0.15664037764089575,All other wood product manufacturing,16508,17371,7892,25017,25263,6127,179,1585,8509,4807,NA,NA,5992,608,-94,534,-3394,NA,NA,NA,NA,NA,56,NA,NA,NA,NA,NA,NA
2007,322110,1643,0.4960748792270531,374,0.11292270531400966,Pulp mills,6576,3312,1766,6854,5078,697,58,1012,278,NA,NA,NA,NA,NA,36,3862,-3620,NA,NA,NA,NA,NA,NA,NA,NA,NA,NA,NA,NA
2007,322120,18489,0.5643600622691615,5938,0.18125209853179086,Paper mills,40090,32761,17384,47494,50144,8140,454,8789,7404,10409,NA,NA,NA,NA,-134,7656,-10527,NA,NA,NA,NA,NA,NA,NA,NA,NA,NA,NA,NA
2007,322130,6473,0.39431042884990253,2156,0.13133528265107214,Paperboard mills,28108,16416,8957,25289,25374,3225,276,5457,-2820,NA,NA,NA,NA,NA,121,91,-3031,NA,NA,NA,NA,NA,NA,NA,NA,NA,NA,NA,NA
2007,322210,27695,0.7563220274182096,5189,0.1417062646785734,Paperboard container manufacturing,48267,36618,12908,48730,49525,10172,559,2177,463,233,NA,NA,NA,NA,-144,1700,-1325,NA,NA,NA,NA,NA,NA,NA,NA,NA,NA,NA,NA
2007,322220,11168,0.7716437504318386,2191,0.1513853382159884,Paper bag and coated and treated paper manufacturing,20351,14473,6779,19918,21251,4404,220,2155,-433,611,NA,NA,NA,NA,8,3123,-4175,NA,NA,NA,NA,NA,NA,NA,NA,NA,NA,NA,NA
2007,322230,4118,0.6820139118913547,812,0.13448161642928122,Stationery product manufacturing,6697,6038,1793,8212,7831,1324,76,393,1515,1258,NA,NA,NA,NA,10,943,-695,NA,NA,NA,NA,NA,NA,NA,NA,NA,NA,NA,NA
2007,322291,4296,0.7571378216425801,856,0.15086358829749735,Sanitary paper product manufacturing,3526,5674,4605,11362,10279,2523,123,1959,7836,7799,NA,NA,NA,NA,75,492,-531,NA,NA,NA,NA,NA,NA,NA,NA,NA,NA,NA,NA
2007,322299,2030,0.6351689612015019,512,0.16020025031289112,All other converted paper product manufacturing,4889,3196,1552,4847,4749,893,55,604,-43,505,NA,NA,NA,NA,-3,163,-707,NA,NA,NA,NA,NA,NA,NA,NA,NA,NA,NA,NA
2007,323110,30627,0.5723496103604866,7364,0.13761656481844856,Printing,68000,53511,44419,70077,97930,30978,843,12598,2077,2350,NA,NA,NA,NA,183,2033,-2489,NA,NA,NA,NA,NA,NA,NA,NA,NA,NA,NA,NA
2007,323120,957,0.4182692307692308,208,0.09090909090909091,Support activities for printing,6595,2288,3290,6669,5577,2361,40,889,73,NA,NA,NA,NA,NA,31,63,-21,NA,NA,NA,NA,NA,NA,NA,NA,NA,NA,NA,NA
2007,324110,19774,0.04558227238254624,243696,0.5617587463607255,Petroleum refineries,395144,433809,137743,551141,571553,11764,2378,123601,155997,220871,NA,NA,NA,NA,4436,38588,-107898,NA,NA,NA,NA,NA,NA,NA,NA,NA,NA,NA,NA
2007,324121,5111,0.6566876525761275,567,0.07285108569960169,Asphalt paving mixture and block manufacturing,12026,7783,4400,11834,12183,1448,44,2908,-192,NA,NA,NA,NA,NA,-178,89,-103,NA,NA,NA,NA,NA,NA,NA,NA,NA,NA,NA,NA
2007,324122,2718,0.6965658636596617,349,0.08944131214761661,Asphalt shingle and coating materials manufacturing,7992,3902,4467,7992,8369,1083,37,3348,0,NA,NA,NA,NA,NA,-145,254,-110,NA,NA,NA,NA,NA,NA,NA,NA,NA,NA,NA,NA
2007,324190,4445,0.7141709511568124,942,0.1513496143958869,Other petroleum and coal products manufacturing,16883,6224,8105,21740,14329,1475,73,6557,4858,4585,NA,NA,NA,NA,-23,941,-645,NA,NA,NA,NA,NA,NA,NA,NA,NA,NA,NA,NA
2007,325110,44464,0.7467544463664915,6182,0.1038241271014225,Petrochemical manufacturing,98192,59543,16951,94810,76494,3007,1003,12941,-3382,NA,NA,NA,NA,NA,236,6451,-10070,NA,NA,NA,NA,NA,NA,NA,NA,NA,NA,NA,NA
2007,325120,3137,0.439294216496289,877,0.12281193110208655,Industrial gas manufacturing,8908,7141,2158,9095,9299,1975,87,96,187,51,NA,NA,NA,NA,24,296,-183,NA,NA,NA,NA,NA,NA,NA,NA,NA,NA,NA,NA
2007,325130,2112,0.3477115574580178,945,0.15558116562397103,Synthetic dye and pigment manufacturing,7642,6074,2048,7714,8123,864,107,1077,73,NA,NA,NA,NA,NA,-24,2188,-2092,NA,NA,NA,NA,NA,NA,NA,NA,NA,NA,NA,NA
2007,325180,9967,0.5140278494069108,2809,0.1448684889118102,Other basic inorganic chemical manufacturing,28438,19390,10715,31704,30105,3157,417,7141,3266,52,3888,NA,NA,NA,232,9861,-10768,NA,NA,NA,NA,NA,NA,NA,NA,NA,NA,NA,NA
2007,325190,47678,0.5799326140634693,7957,0.09678517995937382,Other basic organic chemical manufacturing,93362,82213,16534,100692,98747,3310,1681,11543,7330,1322,NA,NA,NA,NA,-73,28299,-22219,NA,NA,NA,NA,NA,NA,NA,NA,NA,NA,NA,NA
2007,325211,56669,0.8226012483669618,9602,0.13938162287705036,Plastics material and resin manufacturing,72352,68890,15752,84688,84642,4373,1072,10306,12336,NA,NA,NA,NA,NA,371,24308,-12343,NA,NA,NA,NA,NA,NA,NA,NA,NA,NA,NA,NA
2007,3252A0,10347,0.8054020393866272,2076,0.16159414649334475,Synthetic rubber and artificial and synthetic fibers and filaments manufacturing,21789,12847,3106,23155,15953,1990,216,900,1366,NA,NA,NA,NA,NA,-205,5558,-3987,NA,NA,NA,NA,NA,NA,NA,NA,NA,NA,NA,NA
2007,325310,5208,0.49976009979848385,2183,0.20948085596391902,Fertilizer manufacturing,21952,10421,7182,18017,17603,1284,304,5593,-3935,708,NA,NA,NA,NA,314,2833,-7791,NA,NA,NA,NA,NA,NA,NA,NA,NA,NA,NA,NA
2007,325320,4148,0.7188908145580589,1600,0.2772963604852686,Pesticide and other agricultural chemical manufacturing,7304,5770,5368,11568,11138,1217,174,3977,4264,3088,NA,NA,NA,NA,230,1832,-886,NA,NA,NA,NA,NA,NA,NA,NA,NA,NA,NA,NA
2007,325411,2459,0.352191349183615,465,0.06659982812947579,Medicinal and botanical manufacturing,12062,6982,6965,11811,13947,3354,169,3442,-251,NA,NA,NA,NA,NA,-28,29,-252,NA,NA,NA,NA,NA,NA,NA,NA,NA,NA,NA,NA
2007,325412,22925,0.31493412828156553,3462,0.0475595180855302,Pharmaceutical preparation manufacturing,42725,72793,91027,132082,163819,37655,1730,51641,89357,154727,NA,NA,NA,NA,1042,25601,-92013,NA,NA,NA,NA,NA,NA,NA,NA,NA,NA,NA,NA
2007,325413,1892,0.3414546110810323,249,0.04493773687060097,In-vitro diagnostic substance manufacturing,9583,5541,7490,9719,13032,2692,175,4624,136,NA,NA,NA,NA,NA,107,43,-15,NA,NA,NA,NA,NA,NA,NA,NA,NA,NA,NA,NA
2007,325414,1850,0.28391651319828115,460,0.07059545733578883,Biological product (except diagnostic) manufacturing,18358,6516,17604,19626,24120,3849,309,13446,1268,NA,NA,NA,NA,NA,416,3367,-2515,NA,NA,NA,NA,NA,NA,NA,NA,NA,NA,NA,NA
2007,325510,11634,0.739746932027723,3415,0.21714249380047052,Paint and coating manufacturing,21134,15727,7536,22279,23262,2702,299,4534,1145,365,NA,NA,NA,NA,-100,1791,-911,NA,NA,NA,NA,NA,NA,NA,NA,NA,NA,NA,NA
2007,325520,5211,0.7511892749026957,2004,0.28888568545480753,Adhesive manufacturing,8318,6937,3504,10118,10442,1388,148,1969,1800,937,NA,NA,NA,NA,41,1355,-533,NA,NA,NA,NA,NA,NA,NA,NA,NA,NA,NA,NA
2007,325610,17703,0.7490479817212491,3428,0.14504527375814505,Soap and cleaning compound manufacturing,19376,23634,22815,45543,46449,4210,594,18011,26167,23724,NA,NA,NA,NA,157,4501,-2214,NA,NA,NA,NA,NA,NA,NA,NA,NA,NA,NA,NA
2007,325620,13060,0.65326130452180875,3489,0.17451980792316926,Toilet preparation manufacturing,4910,19992,17372,36314,37363,3043,532,13796,31403,30732,NA,NA,NA,NA,198,5104,-4631,NA,NA,NA,NA,NA,NA,NA,NA,NA,NA,NA,NA
2007,325910,2721,0.7537396121883656,562,0.1556786703601108,Printing ink manufacturing,4397,3610,1240,4697,4850,599,65,576,300,NA,NA,NA,NA,NA,-13,680,-367,NA,NA,NA,NA,NA,NA,NA,NA,NA,NA,NA,NA
2007,3259A0,18331,0.6835844272076372,5150,0.19204952267303102,All other chemical product and preparation manufacturing,32437,26816,12563,37065,39379,5097,544,6921,4628,2556,NA,NA,NA,NA,-121,6595,-4402,NA,NA,NA,NA,NA,NA,NA,NA,NA,NA,NA,NA
2007,326110,17616,0.7312577833125778,3253,0.13503528435035284,Plastics packaging materials and unlaminated film and sheet manufacturing,34147,24090,9909,35526,34000,5502,274,4133,1379,1168,NA,NA,NA,NA,186,3381,-3356,NA,NA,NA,NA,NA,NA,NA,NA,NA,NA,NA,NA
2007,326120,6813,0.7435337771472226,1199,0.13085234093637454,"Plastics pipe, pipe fitting, and unlaminated profile shape manufacturing",13655,9163,4647,13959,13810,3074,107,1466,303,NA,NA,NA,NA,NA,-66,1198,-829,NA,NA,NA,NA,NA,NA,NA,NA,NA,NA,NA,NA
2007,326130,1789,0.751364972700546,272,0.11423771524569509,"Laminated plastics plate, sheet (except packaging), and shape manufacturing",3548,2381,1345,3589,3726,982,24,340,41,NA,NA,NA,NA,NA,35,6,NA,NA,NA,NA,NA,NA,NA,NA,NA,NA,NA,NA,NA
2007,326140,3731,0.6839596700274977,628,0.1151237396883593,Polystyrene foam product manufacturing,6537,5455,2304,7558,7759,1468,61,775,1021,1021,0,NA,NA,NA,-4,2,NA,NA,NA,NA,NA,NA,NA,NA,NA,NA,NA,NA,NA
2007,326150,5261,0.7298834628190899,1107,0.1535793562708102,Urethane and other foam product (except polystyrene) manufacturing,8194,7208,2432,9369,9640,1711,66,655,1175,1033,56,NA,27,NA,55,4,NA,NA,NA,NA,NA,NA,NA,NA,NA,NA,NA,NA,NA
2007,326160,6547,0.7482285714285715,1606,0.18354285714285715,Plastics bottle manufacturing,11801,8750,3097,11590,11847,1837,82,1179,-211,NA,NA,NA,NA,NA,-24,479,-666,NA,NA,NA,NA,NA,NA,NA,NA,NA,NA,NA,NA
2007,326190,44515,0.7179491314936374,7774,0.1253810299501637,Other plastics product manufacturing,76239,62003,26256,86024,88258,16223,594,9439,9786,15387,NA,NA,NA,NA,142,9006,-14750,NA,NA,NA,NA,NA,NA,NA,NA,NA,NA,NA,NA
2007,326210,7635,0.6682713347921225,2315,0.20262582056892778,Tire manufacturing,12493,11425,5997,16575,17422,4702,113,1182,4082,11425,NA,NA,NA,NA,123,3026,-10493,NA,NA,NA,NA,NA,NA,NA,NA,NA,NA,NA,NA
2007,326220,1629,0.6589805825242718,632,0.255663430420712,Rubber and plastics hoses and belting manufacturing,4700,2472,1922,4415,4394,1625,37,259,-284,448,NA,NA,NA,NA,-6,1322,-2049,NA,NA,NA,NA,NA,NA,NA,NA,NA,NA,NA,NA
2007,326290,6901,0.6885851127519457,1518,0.1514667730991818,Other rubber product manufacturing,14760,10022,5384,15527,15406,3487,132,1765,767,1437,137,NA,16,NA,40,1561,-2441,NA,NA,NA,NA,NA,19,NA,NA,NA,NA,NA,NA
2007,327100,1619,0.3477980665950591,342,0.07346938775510205,Clay product and refractory manufacturing,10991,4655,5117,9406,9772,3680,101,1335,-1585,3516,NA,NA,NA,NA,14,1200,-6315,NA,NA,NA,NA,NA,NA,NA,NA,NA,NA,NA,NA
2007,327200,5903,0.4744032789520212,1266,0.10174395242304911,Glass and glass product manufacturing,20762,12443,11228,23600,23671,6934,295,3999,2838,5711,NA,NA,NA,NA,-12,3357,-6217,NA,NA,NA,NA,NA,NA,NA,NA,NA,NA,NA,NA
2007,327310,1598,0.23135949037208628,333,0.04821195888229333,Cement manufacturing,11716,6907,3450,10180,10357,1543,81,1825,-1536,NA,NA,NA,NA,NA,110,79,-1724,NA,NA,NA,NA,NA,NA,NA,NA,NA,NA,NA,NA
2007,327320,11471,0.43789128111162007,2142,0.08176820888685296,Ready-mix concrete manufacturing,33968,26196,8584,33745,34779,6319,267,1998,-223,NA,NA,NA,NA,NA,-256,33,0,NA,NA,NA,NA,NA,NA,NA,NA,NA,NA,NA,NA
2007,327330,2284,0.4130945921504793,432,0.0781334780249593,"Concrete pipe, brick, and block manufacturing",8811,5529,3480,8735,9009,1918,93,1469,-76,NA,NA,NA,NA,NA,-46,43,-73,NA,NA,NA,NA,NA,NA,NA,NA,NA,NA,NA,NA
2007,327390,4057,0.5316472284104311,615,0.08059232079675009,Other concrete product manufacturing,12992,7631,4446,11953,12077,3056,116,1274,-1039,38,NA,NA,NA,NA,-26,154,-1204,NA,NA,NA,NA,NA,NA,NA,NA,NA,NA,NA,NA
2007,327400,1788,0.36541998773758433,491,0.10034743511138361,Lime and gypsum product manufacturing,7334,4893,2614,7371,7507,1172,77,1364,37,31,NA,NA,NA,NA,-16,175,-153,NA,NA,NA,NA,NA,NA,NA,NA,NA,NA,NA,NA
2007,327910,773,0.5549174443646806,240,0.1722900215362527,Abrasive product manufacturing,4929,1393,3060,4120,4453,779,69,2212,-809,191,NA,NA,NA,NA,12,1073,-2086,NA,NA,NA,NA,NA,NA,NA,NA,NA,NA,NA,NA
2007,327991,759,0.3144159072079536,286,0.11847555923777962,Cut stone and stone product manufacturing,4205,2414,2012,4347,4426,1359,47,606,141,3973,NA,NA,NA,NA,-33,64,-3863,NA,NA,NA,NA,NA,NA,NA,NA,NA,NA,NA,NA
2007,327992,473,0.3475385745775165,110,0.08082292432035268,Ground or treated mineral and earth manufacturing,2880,1361,1799,3009,3160,745,44,1010,128,229,NA,NA,NA,NA,11,166,-278,NA,NA,NA,NA,NA,NA,NA,NA,NA,NA,NA,NA
2007,327993,1502,0.48064,374,0.11968,Mineral wool manufacturing,5828,3125,2875,5842,6001,1536,63,1276,14,NA,NA,NA,NA,NA,-54,573,-505,NA,NA,NA,NA,NA,NA,NA,NA,NA,NA,NA,NA
2007,327999,784,0.46974236069502695,122,0.07309766327142002,Miscellaneous nonmetallic mineral products,3323,1669,1604,3209,3273,642,54,908,-113,NA,NA,NA,NA,NA,-24,362,-452,NA,NA,NA,NA,NA,NA,NA,NA,NA,NA,NA,NA
2007,331110,28579,0.3616130175118939,13662,0.17286668691163073,Iron and steel mills and ferroalloy manufacturing,138805,79032,22937,114341,101969,9270,879,12788,-24464,NA,NA,NA,NA,NA,308,11470,-36242,NA,NA,NA,NA,NA,NA,NA,NA,NA,NA,NA,NA
2007,331200,11644,0.7307644031630476,4168,0.2615790134304004,Steel product manufacturing from purchased steel,12271,15934,6453,8773,22387,4223,230,1999,-3498,553,NA,NA,NA,NA,-204,690,-4537,NA,NA,NA,NA,NA,NA,NA,NA,NA,NA,NA,NA
2007,331313,2924,0.47130883301096066,821,0.13233397807865893,Alumina refining and primary aluminum production,24247,6204,1641,15840,7845,1100,53,489,-8407,NA,NA,NA,NA,NA,-14,966,-9359,NA,NA,NA,NA,NA,NA,NA,NA,NA,NA,NA,NA
2007,331314,1839,0.2553457372951958,1909,0.2650652596500972,NA,NA,7202,568,NA,7770,236,51,282,NA,NA,NA,NA,NA,NA,NA,NA,NA,NA,NA,NA,NA,NA,NA,NA,NA,NA,NA,NA,NA
2007,33131B,15489,0.7311305168751475,6244,0.29473684210526313,Aluminum product manufacturing from purchased aluminum,26985,21185,4724,25173,25908,2801,208,1714,-1812,NA,NA,NA,NA,NA,-118,4230,-5923,NA,NA,NA,NA,NA,NA,NA,NA,NA,NA,NA,NA
2007,331410,6472,0.7570476079073576,3494,0.4087027722540648,Nonferrous metal (except aluminum) smelting and refining,41598,8549,5018,19075,13567,1059,121,3837,-22523,NA,NA,NA,NA,NA,284,4475,-27282,NA,NA,NA,NA,NA,NA,NA,NA,NA,NA,NA,NA
2007,331420,18492,0.8144102880295957,8027,0.3535188936844887,"Copper rolling, drawing, extruding and alloying",26600,22706,2864,24382,25570,2336,186,342,-2218,NA,NA,NA,NA,NA,-47,2990,-5161,NA,NA,NA,NA,NA,NA,NA,NA,NA,NA,NA,NA
2007,331490,6543,0.5373244641537325,4255,0.3494292518682763,"Nonferrous metal (except copper and aluminum) rolling, drawing, extruding and alloying",13600,12177,6026,14140,18203,2344,190,3492,540,56,NA,NA,NA,NA,103,3476,-3095,NA,NA,NA,NA,NA,NA,NA,NA,NA,NA,NA,NA
2007,331510,3670,0.3644488579940417,1576,0.15650446871896723,Ferrous metal foundries,18663,10070,9241,18569,19311,5654,172,3416,-94,NA,NA,NA,NA,NA,72,962,-1128,NA,NA,NA,NA,NA,NA,NA,NA,NA,NA,NA,NA
2007,331520,5620,0.6387089441982043,1816,0.20638708944198203,Nonferrous metal foundries,13050,8799,5092,13617,13891,3475,108,1509,567,543,NA,NA,NA,NA,16,57,-49,NA,NA,NA,NA,NA,NA,NA,NA,NA,NA,NA,NA
2007,332114,5153,0.8267287020696293,614,0.09850794160115514,Custom roll forming,7753,6233,1818,7788,8051,371,60,1387,35,NA,NA,NA,NA,NA,15,20,NA,NA,NA,NA,NA,NA,NA,NA,NA,NA,NA,NA,NA
2007,332119,5621,0.7325687475563665,1356,0.17672357617620227,"Metal crown, closure, and other metal stamping (except automotive)",11556,7673,5078,12678,12751,3580,87,1412,1122,1156,NA,NA,NA,NA,-22,381,-393,NA,NA,NA,NA,NA,NA,NA,NA,NA,NA,NA,NA
2007,33211A,5727,0.7015803013597942,925,0.11331618277594022,"All other forging, stamping, and sintering",12797,8163,4273,12992,12436,2824,104,1345,195,NA,NA,NA,NA,NA,186,9,NA,NA,NA,NA,NA,NA,NA,NA,NA,NA,NA,NA,NA
2007,332200,3272,0.5795253276656039,771,0.1365568544102019,Cutlery and handtool manufacturing,9591,5646,5818,10715,11464,3735,87,1996,1124,4914,386,NA,NA,NA,186,1571,-5970,NA,7,NA,NA,NA,6,NA,NA,NA,24,NA,NA
2007,332310,20859,0.6779886888123253,4690,0.1524410063056621,Plate work and fabricated structural product manufacturing,44984,30766,14767,42941,45533,11096,326,3345,-2043,16,280,NA,NA,NA,-145,1080,-3278,NA,NA,NA,NA,NA,5,NA,NA,NA,NA,NA,NA
2007,332320,19531,0.6721616133805968,3929,0.13521698730082252,Ornamental and architectural metal products manufacturing,42950,29057,14688,42586,43745,11163,288,3237,-363,NA,570,NA,NA,NA,-339,709,-1304,NA,NA,NA,NA,NA,NA,NA,NA,NA,NA,NA,NA
2007,332410,2233,0.7636798905608755,353,0.1207250341997264,Power boiler and heat exchanger manufacturing,3521,2924,2946,5631,5870,2029,53,864,2110,NA,2510,NA,NA,NA,121,984,-1579,NA,NA,NA,NA,NA,74,NA,NA,NA,NA,NA,NA
2007,332420,3871,0.6863475177304964,623,0.11046099290780143,Metal tank (heavy gauge) manufacturing,4259,5640,3055,8508,8695,1906,70,1079,4249,NA,4138,NA,NA,NA,35,806,-736,NA,NA,NA,NA,NA,NA,NA,NA,NA,5,NA,NA
2007,332430,10013,0.8120184899845917,1761,0.14281080204362986,"Metal can, box, and other metal container (light gauge) manufacturing",15738,12331,4825,16457,17157,2719,140,1967,718,216,274,NA,NA,NA,-59,678,-621,NA,16,NA,NA,NA,167,NA,NA,NA,47,NA,NA
2007,332500,4033,0.6598494764397905,999,0.16344895287958114,Hardware manufacturing,12364,6112,3136,8785,9248,1759,63,1314,-3579,386,226,NA,NA,NA,78,1541,-5810,NA,NA,NA,NA,NA,NA,NA,NA,NA,NA,NA,NA
2007,332600,4289,0.7125768400066457,922,0.15318159162651604,Spring and wire product manufacturing,7463,6019,3131,6723,9150,2314,63,754,-740,117,NA,NA,NA,NA,45,636,-1538,NA,NA,NA,NA,NA,NA,NA,NA,NA,NA,NA,NA
2007,332710,11633,0.6186778705525714,2251,0.1197149391054619,Machine shops,35259,18803,18372,36201,37175,15436,293,2644,941,NA,NA,NA,NA,NA,202,131,NA,NA,NA,NA,NA,NA,609,NA,NA,NA,NA,NA,NA
2007,332720,8476,0.6535080956052429,1656,0.12767925983037778,"Turned product and screw, nut, and bolt manufacturing",26118,12970,11309,24150,24279,4745,212,6352,-1967,13,NA,NA,NA,NA,206,1757,-3943,NA,NA,NA,NA,NA,NA,NA,NA,NA,NA,NA,NA
2007,332800,8879,0.6076096626291658,2051,0.1403544788886608,"Coating, engraving, heat treating and allied activities",26672,14613,12226,26665,26840,7528,198,4500,-7,NA,NA,NA,NA,NA,-73,66,NA,NA,NA,NA,NA,NA,NA,NA,NA,NA,NA,NA,NA
2007,332913,2154,0.7492173913043478,248,0.08626086956521739,Plumbing fixture fitting and trim manufacturing,5275,2875,1508,4245,4383,687,29,792,-1030,NA,NA,NA,NA,NA,-45,177,-1162,NA,NA,NA,NA,NA,NA,NA,NA,NA,NA,NA,NA
2007,33291A,8563,0.6631815365551424,1626,0.12592936802973978,Valve and fittings other than plumbing,24898,12912,11448,22886,24360,6510,222,4716,-2012,NA,2305,NA,NA,NA,75,5613,-10755,NA,437,NA,NA,NA,3,NA,NA,NA,311,NA,NA
2007,332991,2362,0.6961391099322134,576,0.16976127320954906,Ball and roller bearing manufacturing,8024,3393,4096,7265,7489,2769,51,1275,-759,NA,NA,NA,NA,NA,-38,1444,-2165,NA,NA,NA,NA,NA,NA,NA,NA,NA,NA,NA,NA
2007,332996,3009,0.7407680945347119,885,0.21787296898079764,Fabricated pipe and pipe fitting manufacturing,6248,4062,3284,7266,7346,2104,65,1115,1018,NA,933,NA,NA,NA,43,36,NA,NA,1,NA,NA,NA,0,NA,NA,NA,4,NA,NA
2007,332999,10372,0.7275533108866442,2173,0.1524270482603816,Other fabricated metal manufacturing,17281,14256,4044,18546,18300,2707,116,1221,1265,3435,646,NA,NA,NA,-4,4520,-9113,NA,17,NA,NA,NA,374,NA,NA,NA,1390,NA,NA
2007,33299A,2574,0.7428571428571429,402,0.11601731601731602,"Ammunition, arms, ordnance, and accessories manufacturing",3314,3465,5025,8584,8490,2927,81,2017,5270,3570,NA,NA,NA,NA,242,1810,-1888,NA,1535,NA,NA,NA,NA,NA,NA,NA,NA,NA,NA
2007,333111,8877,0.7094222009110525,2730,0.21817309997602494,Farm machinery and equipment manufacturing,3725,12513,8766,19844,21280,3976,257,4533,16119,NA,16945,NA,NA,NA,131,6167,-7353,NA,1,NA,NA,NA,83,NA,NA,NA,145,NA,NA
2007,333112,4107,0.7478150036416606,1269,0.23106336489439183,Lawn and garden equipment manufacturing,740,5492,1643,6596,7134,748,59,836,5856,31,5436,NA,NA,NA,233,96,-34,NA,2,NA,NA,NA,1,NA,NA,NA,91,NA,NA
2007,333120,16269,0.7239676041295835,5583,0.24844250622997507,Construction machinery manufacturing,5401,22472,10940,30697,33412,6414,326,4200,25296,NA,23636,NA,NA,NA,-700,13550,-12008,NA,26,NA,NA,NA,0,NA,NA,NA,792,NA,NA
2007,333130,9054,0.6909867969167366,2236,0.17064794321911012,Mining and oil and gas field machinery manufacturing,5043,13103,7544,21406,20647,5955,245,1344,16363,NA,10663,NA,NA,NA,187,8852,-3340,NA,NA,NA,NA,NA,NA,NA,NA,NA,NA,NA,NA
2007,333242,6619,0.6715706168831169,1610,0.16335227272727273,Semiconductor machinery manufacturing,2380,9856,4743,13582,14599,2834,79,1830,11202,NA,6141,NA,NA,NA,-18,8614,-3535,NA,NA,NA,NA,NA,NA,NA,NA,NA,NA,NA,NA
2007,33329A,10308,0.6281918459382047,2139,0.1303552928271071,Other industrial machinery manufacturing,5732,16409,9766,24127,26175,6736,180,2850,18394,377,20895,NA,NA,NA,297,8522,-11957,NA,14,NA,NA,NA,26,NA,NA,NA,221,NA,NA
2007,333314,1014,0.4718473708701722,408,0.1898557468590042,Optical instrument and lens manufacturing,1121,2149,2322,4181,4471,2217,40,65,3060,52,2944,NA,NA,NA,56,3211,-3579,NA,313,NA,NA,NA,NA,NA,NA,NA,63,NA,NA
2007,333316,344,0.4119760479041916,124,0.14850299401197606,Photographic and photocopying equipment manufacturing,178,835,1584,2113,2419,1284,19,281,1935,866,1297,NA,NA,NA,29,880,-1366,NA,6,NA,NA,NA,2,NA,NA,NA,221,NA,NA
2007,333318,7667,0.6896644778267518,1309,0.11774759377529909,Other commercial and service industry machinery manufacturing,6533,11117,7226,16793,18343,4596,146,2483,10260,1238,11805,NA,NA,NA,201,2418,-6700,NA,52,NA,NA,NA,19,NA,NA,NA,1227,NA,NA
2007,333413,2141,0.698531810766721,528,0.17226753670473083,Industrial and commercial fan and blower and air purification equipment manufacturing,3144,3065,2469,5328,5534,1825,48,596,2185,NA,3077,NA,NA,NA,-2,755,-1645,NA,NA,NA,NA,NA,NA,NA,NA,NA,1,NA,NA
2007,333414,1918,0.5903354878424131,375,0.11542012927054478,Heating equipment (except warm air furnaces) manufacturing,3413,3249,1706,4746,4954,987,43,675,1333,1791,94,NA,NA,NA,-41,411,-921,NA,NA,NA,NA,NA,NA,NA,NA,NA,0,NA,NA
2007,333415,14009,0.7110806558042739,3613,0.18339170600477134,"Air conditioning, refrigeration, and warm air heating equipment manufacturing",22937,19701,10577,29471,30277,6078,238,4260,6535,1670,7573,NA,NA,NA,-137,4047,-6829,NA,115,NA,NA,NA,NA,NA,NA,NA,95,NA,NA
2007,333511,1723,0.5848608282416836,276,0.09368635437881874,Industrial mold manufacturing,1112,2946,2839,6042,5784,2472,47,320,4930,NA,5755,NA,NA,NA,-13,703,-1514,NA,NA,NA,NA,NA,NA,NA,NA,NA,NA,NA,NA
2007,333514,2514,0.6093068347067377,486,0.11778962675714978,"Special tool, die, jig, and fixture manufacturing",2004,4126,3692,8435,7818,3514,56,122,6431,NA,7255,NA,NA,NA,-224,384,-985,NA,NA,NA,NA,NA,NA,NA,NA,NA,NA,NA,NA
2007,333517,2047,0.5722672630696114,567,0.15851272015655576,Machine tool manufacturing,1502,3577,3022,6112,6599,2448,67,507,4609,3,7564,NA,NA,NA,36,1823,-5547,NA,6,NA,NA,NA,29,NA,NA,NA,695,NA,NA
2007,33351B,3060,0.6190572526805583,849,0.1717580416750961,"Cutting and machine tool accessory, rolling mill, and other metalworking machinery manufacturing",5413,4943,3440,7938,8382,2660,67,713,2525,NA,2293,NA,NA,NA,-41,2213,-1940,NA,NA,NA,NA,NA,NA,NA,NA,NA,NA,NA,NA
2007,333611,3987,0.7420435510887772,1229,0.22873627396240462,Turbine and turbine generator set units manufacturing,1700,5373,4213,11308,9585,2474,126,1613,9608,NA,6448,NA,NA,NA,155,6700,-4641,NA,330,NA,NA,NA,301,NA,NA,NA,316,NA,NA
2007,333612,1217,0.6225063938618925,161,0.08235294117647059,"Speed changer, industrial high-speed drive, and gear manufacturing",5610,1955,1501,3299,3455,905,36,559,-2311,NA,NA,NA,NA,NA,41,1303,-3655,NA,NA,NA,NA,NA,NA,NA,NA,NA,NA,NA,NA
2007,333613,1579,0.6374646750100929,362,0.14614452967299152,Mechanical power transmission equipment manufacturing,4832,2477,1704,4024,4181,999,34,671,-808,NA,NA,NA,NA,NA,29,1044,-1881,NA,NA,NA,NA,NA,NA,NA,NA,NA,NA,NA,NA
2007,333618,15031,0.7761140083647442,2804,0.14478236174936748,Other engine equipment manufacturing,23604,19367,6140,25927,25507,3822,208,2111,2323,894,2614,NA,NA,NA,28,9087,-10462,NA,NA,NA,NA,NA,4,NA,NA,NA,158,NA,NA
2007,333912,4442,0.7066496977410117,1114,0.17721921730830417,Air and gas compressor manufacturing,2887,6286,3150,9202,9436,1721,78,1352,6315,NA,6189,NA,NA,NA,-66,2554,-2377,NA,12,NA,NA,NA,2,NA,NA,NA,NA,NA,NA
2007,333914,5526,0.664741970407795,1339,0.16107301816432093,"Measuring, dispensing, and other pumping equipment manufacturing",5400,8313,5113,13076,13426,2521,122,2470,7676,NA,7681,NA,NA,NA,99,2717,-3042,NA,84,NA,NA,NA,5,NA,NA,NA,134,NA,NA
2007,333920,12232,0.701818807734236,3562,0.20437202363876297,Material handling equipment manufacturing,8157,17429,9954,26661,27383,5327,235,4393,18505,NA,19355,NA,NA,NA,112,4156,-5496,NA,37,NA,NA,NA,26,NA,NA,NA,314,NA,NA
2007,333991,870,0.7304785894206549,193,0.16204869857262805,Power-driven handtool manufacturing,457,1191,1239,2609,2430,506,30,704,2152,143,3914,NA,NA,NA,34,873,-3350,NA,0,NA,NA,NA,NA,NA,NA,NA,537,NA,NA
2007,333993,1307,0.561426116838488,420,0.18041237113402062,Packaging machinery manufacturing,1808,2328,2007,4155,4335,1376,45,586,2347,NA,3738,NA,NA,NA,25,913,-2330,NA,NA,NA,NA,NA,1,NA,NA,NA,NA,NA,NA
2007,333994,784,0.6217287866772403,285,0.2260111022997621,Industrial process furnace and oven manufacturing,446,1261,1155,2343,2416,837,21,297,1897,NA,1216,NA,NA,NA,20,1262,-614,NA,NA,NA,NA,NA,NA,NA,NA,NA,13,NA,NA
2007,33399A,6866,0.6551526717557252,1812,0.17290076335877863,Other general purpose machinery manufacturing,5542,10480,7236,16953,17715,4558,162,2516,11410,170,11200,NA,NA,NA,34,9148,-9299,NA,4,NA,NA,NA,1,NA,NA,NA,154,NA,NA
2007,33399B,3509,0.6655918057663126,1105,0.209597875569044,Fluid power process machinery,9231,5272,3890,8729,9162,3010,86,793,-502,NA,390,NA,NA,NA,78,2031,-3027,NA,27,NA,NA,NA,NA,NA,NA,NA,NA,NA,NA
2007,334111,19359,0.7122778615843114,6679,0.2457411972478752,Electronic computer manufacturing,5357,27179,21109,40729,48288,16595,279,4234,35372,17593,38181,NA,NA,NA,233,6107,-32741,NA,1014,NA,NA,NA,609,NA,NA,NA,4375,NA,NA
2007,334112,2176,0.6285384170999422,729,0.21057192374350087,Computer storage device manufacturing,2009,3462,5702,10082,9164,4819,172,711,8072,2494,8363,NA,NA,NA,62,2347,-8493,NA,1230,NA,NA,NA,48,NA,NA,NA,2021,NA,NA
2007,334118,3509,0.6431451612903226,2010,0.3684017595307918,Computer terminals and other computer peripheral equipment manufacturing,23887,5456,10235,14013,15691,5233,252,4751,-9874,12766,11155,NA,NA,NA,233,8323,-44115,NA,68,NA,NA,NA,65,NA,NA,NA,1631,NA,NA
2007,334210,7614,0.5526201190303383,4780,0.34692988822760923,Telephone apparatus manufacturing,12415,13778,9945,21136,23723,5089,238,4617,8721,537,16225,NA,NA,NA,-739,2863,-16995,NA,3176,NA,NA,NA,1295,NA,NA,NA,2359,NA,NA
2007,334220,13942,0.5958374289499552,5319,0.2273174067267832,Broadcast and wireless communications equipment,27897,23399,22611,38236,46010,9029,679,12903,10339,4535,29923,NA,NA,NA,-280,12546,-46999,NA,4729,NA,NA,NA,2431,NA,NA,NA,3454,NA,NA
2007,334290,1262,0.467927326659251,456,0.16907675194660735,Other communications equipment manufacturing,3693,2697,3297,4619,5994,2635,132,531,926,83,978,NA,NA,NA,8,455,-933,NA,47,NA,NA,NA,2,NA,NA,NA,287,NA,NA
2007,334300,3980,0.41570921245038644,1851,0.19333611865468978,Audio and video equipment manufacturing,4339,9574,4783,14143,14357,3000,62,1721,9804,45154,7761,NA,356,NA,443,3724,-48886,NA,NA,NA,NA,NA,NA,NA,NA,NA,1251,NA,NA
2007,334413,17641,0.5645481310803891,8155,0.2609767025089606,Semiconductor and related device manufacturing,53240,31248,47155,70557,78403,21246,1080,24829,17317,NA,NA,NA,NA,NA,652,34236,-17571,NA,NA,NA,NA,NA,NA,NA,NA,NA,NA,NA,NA
2007,334418,11030,0.7663447509205864,3577,0.2485235878552074,Printed circuit assembly (electronic assembly) manufacturing,17738,14393,9856,23402,24249,4689,386,4781,5664,220,NA,NA,NA,NA,94,5704,-360,NA,NA,NA,NA,NA,6,NA,NA,NA,NA,NA,NA
2007,33441A,8515,0.6216689786084544,3166,0.23114550631525152,Other electronic component manufacturing,30081,13697,17908,25999,31604,14940,587,2381,-4082,1119,NA,NA,NA,NA,386,10539,-16162,NA,NA,NA,NA,NA,5,NA,NA,NA,32,NA,NA
2007,334510,7615,0.5959461574581312,1996,0.15620597902645172,Electromedical and electrotherapeutic apparatus manufacturing,1207,12778,13457,24384,26236,5897,552,7008,23178,2799,21679,NA,NA,NA,196,5845,-7763,NA,214,NA,NA,NA,169,NA,NA,NA,39,NA,NA
2007,334511,11672,0.5438449352343677,5583,0.2601341906625664,"Search, detection, and navigation instruments manufacturing",12474,21462,29697,45282,51159,18409,989,10300,32807,28,16098,NA,NA,NA,416,4144,-4818,NA,14013,NA,NA,NA,1848,NA,NA,NA,1079,NA,NA
2007,334512,1028,0.6129994036970781,423,0.2522361359570662,Automatic environmental control manufacturing,3482,1677,1722,2925,3399,1530,56,136,-557,NA,NA,NA,NA,NA,15,339,-911,NA,NA,NA,NA,NA,NA,NA,NA,NA,NA,NA,NA
2007,334513,2643,0.5482265090230243,1116,0.23148724331051648,Industrial process variable instruments manufacturing,3582,4821,5447,9270,10268,5035,231,181,5688,NA,5102,NA,NA,NA,27,5050,-4632,NA,1,NA,NA,NA,2,NA,NA,NA,139,NA,NA
2007,334514,2244,0.7083333333333334,983,0.31029040404040403,Totalizing fluid meter and counting device manufacturing,3786,3168,2674,5415,5843,909,130,1635,1630,NA,2155,NA,NA,NA,21,297,-1268,NA,NA,NA,NA,NA,NA,NA,NA,NA,425,NA,NA
2007,334515,3224,0.4139702105803801,2248,0.2886492039034412,Electricity and signal testing instruments manufacturing,4993,7788,5598,12211,13386,4150,252,1196,7219,NA,4234,NA,NA,NA,121,6584,-4392,NA,645,NA,NA,NA,11,NA,NA,NA,16,NA,NA
2007,334516,3611,0.5594113090627421,1479,0.22912470952749805,Analytical laboratory instrument manufacturing,2245,6455,7280,12666,13735,3677,284,3319,10421,NA,8880,NA,NA,NA,20,5211,-3789,NA,NA,NA,NA,NA,0,NA,NA,NA,99,NA,NA
2007,334517,2534,0.6817325800376648,509,0.13693839117567932,Irradiation apparatus manufacturing,1397,3717,1980,6598,5697,882,187,911,5201,NA,5780,NA,NA,NA,-11,2499,-3188,NA,68,NA,NA,NA,24,NA,NA,NA,29,NA,NA
2007,33451A,2262,0.5026666666666667,1001,0.22244444444444444,"Watch, clock, and other measuring and controlling device manufacturing",2629,4500,5788,9005,10288,3158,242,2388,6376,4976,4132,NA,NA,NA,106,3192,-6152,NA,NA,NA,NA,NA,NA,NA,NA,NA,122,NA,NA
2007,334610,2687,0.5718237922962333,368,0.0783145350074484,Manufacturing and reproducing magnetic and optical media,6146,4699,2169,6511,6869,902,57,1210,365,1304,583,NA,NA,NA,-176,1132,-2478,NA,NA,NA,NA,NA,NA,NA,NA,NA,NA,NA,NA
2007,335110,504,0.3559322033898305,174,0.1228813559322034,Electric lamp bulb and part manufacturing,3345,1416,670,1975,2085,607,18,45,-1370,451,NA,NA,NA,NA,26,570,-2418,NA,NA,NA,NA,NA,NA,NA,NA,NA,NA,NA,NA
2007,335120,4334,0.6407451212300413,1236,0.18273211117681845,Lighting fixture manufacturing,13614,6764,4517,11224,11281,2769,97,1650,-2390,2668,1242,NA,NA,NA,43,795,-7157,NA,NA,NA,NA,NA,NA,NA,NA,NA,20,NA,NA
2007,335210,1589,0.689071986123157,350,0.15177797051170858,Small electrical appliance manufacturing,2027,2306,1261,3240,3567,861,35,365,1213,9016,92,NA,14,NA,97,810,-8915,NA,2,NA,NA,NA,11,NA,NA,NA,87,NA,NA
2007,335220,9438,0.7923102753525856,1532,0.12860980523841503,Major household appliance manufacturing,3658,11912,6225,17863,18137,3211,142,2872,14205,17281,366,NA,3624,NA,321,2956,-10628,NA,3,NA,NA,NA,NA,NA,NA,NA,282,NA,NA
2007,335311,3585,0.7606619987269255,794,0.16847018883938045,"Power, distribution, and specialty transformer manufacturing",2264,4713,2751,7154,7463,2166,53,532,4890,18,6451,NA,NA,NA,77,537,-2743,NA,0,NA,NA,NA,343,NA,NA,NA,207,NA,NA
2007,335312,5818,0.7488737289226413,2211,0.28459261166173255,Motor and generator manufacturing,12814,7769,4640,12052,12409,2998,100,1542,-761,5,3370,NA,NA,NA,44,4177,-8766,NA,7,NA,NA,NA,246,NA,NA,NA,156,NA,NA
2007,335313,4432,0.7180816591056384,1251,0.2026895657809462,Switchgear and switchboard apparatus manufacturing,6595,6172,4350,10401,10522,2639,101,1610,3806,18,4801,NA,NA,NA,-30,1639,-3051,NA,NA,NA,NA,NA,322,NA,NA,NA,107,NA,NA
2007,335314,3905,0.7084542815674891,1271,0.2305878084179971,Relay and industrial control manufacturing,8835,5512,5601,10316,11112,5312,99,191,1481,NA,1763,NA,NA,NA,161,3976,-5751,NA,225,NA,NA,NA,558,NA,NA,NA,547,NA,NA
2007,335911,2329,0.7646093237032173,971,0.31877872619829284,Storage battery manufacturing,5086,3046,2660,5451,5706,1313,57,1289,365,1588,260,NA,NA,NA,110,1042,-2634,NA,NA,NA,NA,NA,NA,NA,NA,NA,NA,NA,NA
2007,335912,888,0.8237476808905381,219,0.20315398886827457,Primary battery manufacturing,554,1078,2011,3025,3089,877,38,1096,2471,2390,NA,NA,NA,NA,39,678,-635,NA,NA,NA,NA,NA,NA,NA,NA,NA,NA,NA,NA
2007,335920,9677,0.8106726983329144,1953,0.16360894697160092,Communication and energy wire and cable manufacturing,17628,11937,4097,15417,16033,1855,134,2107,-2211,NA,374,NA,NA,NA,55,3338,-6111,NA,8,NA,NA,NA,124,NA,NA,NA,NA,NA,NA
2007,335930,4324,0.689743180730579,844,0.134630722603286,Wiring device manufacturing,12647,6269,6308,12243,12577,3322,119,2867,-404,NA,38,NA,NA,NA,1,2156,-2599,NA,NA,NA,NA,NA,NA,NA,NA,NA,NA,NA,NA
2007,335991,895,0.5740859525336754,136,0.08723540731237973,Carbon and graphite product manufacturing,2239,1559,1112,2557,2671,425,32,655,318,NA,NA,NA,NA,NA,89,1004,-776,NA,NA,NA,NA,NA,NA,NA,NA,NA,NA,NA,NA
2007,335999,3173,0.5738831615120275,1177,0.21287755471152106,All other miscellaneous electrical equipment and component manufacturing,3990,5529,4095,8920,9624,2681,95,1318,4930,491,5849,NA,NA,NA,61,3065,-5036,NA,317,NA,NA,NA,37,NA,NA,NA,147,NA,NA
2007,336111,53700,0.8114846996599925,15109,0.228318851530034,Automobile manufacturing,69,66175,21583,82603,87758,12922,320,8341,82534,66199,71551,NA,NA,NA,1167,12786,-69170,NA,0,NA,NA,NA,0,NA,NA,NA,0,NA,NA
2007,336112,107404,0.8207299180828952,28376,0.21683579899743244,Light truck and utility vehicle manufacturing,83,130864,31217,161847,162080,6126,930,24160,161763,112157,97756,NA,NA,NA,-72,25912,-79337,NA,190,NA,NA,NA,103,NA,NA,NA,5055,NA,NA
2007,336120,14157,0.7950244285954962,4319,0.24254506654686359,Heavy duty truck manufacturing,3059,17807,3788,24816,21594,2361,177,1249,21758,NA,17951,NA,NA,NA,189,5519,-7055,NA,195,NA,NA,NA,100,NA,NA,NA,4859,NA,NA
2007,336211,4720,0.6993628685731219,1173,0.17380352644836272,Motor vehicle body manufacturing,4619,6749,4718,6984,11467,4585,71,62,2365,134,2528,NA,NA,NA,5,259,-636,NA,NA,NA,NA,NA,74,NA,NA,NA,NA,NA,NA
2007,336212,4017,0.7612279704377487,1269,0.2404775440591245,Truck trailer manufacturing,279,5277,1952,7067,7229,1567,47,337,6789,NA,6633,NA,NA,NA,14,856,-912,NA,187,NA,NA,NA,10,NA,NA,NA,NA,NA,NA
2007,336213,3252,0.7693399574166075,843,0.1994322214336409,Motor home manufacturing,4,4227,1379,5410,5606,1265,15,98,5405,4871,201,NA,NA,NA,-6,510,-171,NA,NA,NA,NA,NA,NA,NA,NA,NA,NA,NA,NA
2007,336214,5924,0.7040646541478488,1763,0.209531732826242,Travel trailer and camper manufacturing,1223,8414,2179,10398,10594,1372,60,747,9176,6747,1038,NA,NA,NA,28,1680,-318,NA,NA,NA,NA,NA,NA,NA,NA,NA,NA,NA,NA
2007,336310,14989,0.7450912163841527,4142,0.20589551125913408,Motor vehicle gasoline engine and engine parts manufacturing,34462,20117,7909,28797,28026,5455,179,2275,-5665,1338,NA,NA,NA,NA,43,6184,-13229,NA,NA,NA,NA,NA,NA,NA,NA,NA,NA,NA,NA
2007,336320,8997,0.6787627310448887,3069,0.23153526970954358,Motor vehicle electrical and electronic equipment manufacturing,23204,13255,6580,18217,19835,5510,134,935,-4988,3537,NA,NA,NA,NA,-1,2746,-11270,NA,NA,NA,NA,NA,NA,NA,NA,NA,NA,NA,NA
2007,336350,21992,0.7653650727361314,6661,0.23181596714693395,Motor vehicle transmission and power train parts manufacturing,40956,28734,8040,36411,36774,6078,199,1763,-4545,2190,NA,NA,NA,NA,-15,4777,-11497,NA,NA,NA,NA,NA,NA,NA,NA,NA,NA,NA,NA
2007,336360,11846,0.7529875413170608,2088,0.13272311212814644,Motor vehicle seating and interior trim manufacturing,21250,15732,4753,19383,20485,3848,130,775,-1867,14,541,NA,NA,NA,26,1490,-3937,NA,NA,NA,NA,NA,0,NA,NA,NA,0,NA,NA
2007,336370,16180,0.7623445156426687,2717,0.12801545420278929,Motor vehicle metal stamping,26959,21224,9450,27965,30674,6522,169,2759,1006,NA,NA,NA,NA,NA,2,1539,-535,NA,NA,NA,NA,NA,NA,NA,NA,NA,NA,NA,NA
2007,336390,24623,0.7060763341266882,7234,0.20743841940756458,Other motor vehicle parts manufacturing,50883,34873,15253,47354,50126,10018,349,4886,-3528,4567,NA,NA,NA,NA,181,20611,-28888,NA,NA,NA,NA,NA,NA,NA,NA,NA,NA,NA,NA
2007,3363A0,12044,0.7476101800124146,2394,0.14860335195530727,"Motor vehicle steering, suspension component (except spring), and brake systems manufacturing",25486,16110,6195,21021,22305,4854,141,1200,-4465,1341,NA,NA,NA,NA,92,2801,-8698,NA,NA,NA,NA,NA,NA,NA,NA,NA,NA,NA,NA
2007,336411,37533,0.6572629366955608,11406,0.19973732597846072,Aircraft manufacturing,16715,57105,44167,86060,101272,22122,893,21152,69345,1035,25659,NA,NA,NA,5960,34898,-12077,NA,13552,NA,NA,NA,294,NA,NA,NA,24,NA,NA
2007,336412,15758,0.8344188509398994,7831,0.41466772570823407,Aircraft engine and engine parts manufacturing,22767,18885,19303,32321,38188,9548,335,9421,9555,NA,1125,NA,NA,NA,669,18907,-11467,NA,322,NA,NA,NA,NA,NA,NA,NA,NA,NA,NA
2007,336413,8524,0.60436755530346,3293,0.23347986386840613,Other aircraft parts and auxiliary equipment manufacturing,15849,14104,19266,30428,33370,12129,266,6871,14579,NA,NA,NA,NA,NA,1591,20491,-7503,NA,NA,NA,NA,NA,NA,NA,NA,NA,NA,NA,NA
2007,336414,6064,0.7084939829419324,311,0.0363360205631499,Guided missile and space vehicle manufacturing,5768,8559,7707,12142,16266,7424,153,130,6374,NA,120,NA,NA,NA,133,862,-272,NA,3839,NA,NA,NA,1693,NA,NA,NA,NA,NA,NA
2007,33641A,2034,0.5145459144953201,75,0.018972931950417403,Propulsion units and parts for space vehicles and guided missiles,3017,3953,1959,4712,5912,1131,43,786,1695,NA,NA,NA,NA,NA,-27,599,-409,NA,NA,NA,NA,NA,1532,NA,NA,NA,NA,NA,NA
2007,336500,6430,0.6784131673348808,2179,0.22990082295843006,Railroad rolling stock manufacturing,3583,9478,3285,12324,12762,1506,131,1648,8741,NA,8027,NA,NA,NA,49,2182,-2628,NA,17,NA,NA,NA,41,NA,NA,NA,1053,NA,NA
2007,336611,5349,0.5157153875819515,1053,0.10152333204782106,Ship building and repairing,3991,10372,7978,17357,18349,6692,171,1115,13366,NA,4631,NA,NA,NA,336,1229,-409,NA,7494,NA,NA,NA,60,NA,NA,NA,26,NA,NA
2007,336612,4869,0.5710097337867949,1317,0.15445056878151753,Boat building,305,8527,2141,10288,10667,1660,61,419,9983,7420,721,NA,NA,NA,422,2370,-1407,NA,145,NA,NA,NA,284,NA,NA,NA,28,NA,NA
2007,336991,2042,0.5723094170403588,863,0.24187219730941703,"Motorcycle, bicycle, and parts manufacturing",919,3568,3059,6319,6627,1411,46,1601,5400,8645,48,NA,NA,NA,198,1814,-5598,NA,NA,NA,NA,NA,NA,NA,NA,NA,293,NA,NA
2007,336992,7295,0.8707328718071139,1576,0.18811172117450464,"Military armored vehicle, tank, and tank component manufacturing",1860,8378,3103,11155,11481,1153,46,1905,9294,NA,NA,NA,NA,NA,257,1149,-801,NA,8690,NA,NA,NA,NA,NA,NA,NA,NA,NA,NA
2007,336999,5166,0.7989483451902258,1334,0.20630992885864521,All other transportation equipment manufacturing,1592,6466,2292,8368,8759,1008,58,1227,6776,5407,965,NA,NA,NA,117,375,-257,NA,69,NA,NA,NA,NA,NA,NA,NA,100,NA,NA
2007,337110,7033,0.5802326540714462,1911,0.15766025905453346,Wood kitchen cabinet and countertop manufacturing,17293,12121,7225,18598,19347,6562,69,595,1305,NA,2141,NA,NA,NA,-96,120,-860,NA,NA,NA,NA,NA,NA,NA,NA,NA,NA,NA,NA
2007,337121,6078,0.6524259338772005,2344,0.2516101331043366,Upholstered household furniture manufacturing,136,9316,3855,12540,13171,3433,63,359,12404,14812,382,NA,128,NA,-32,343,-3246,NA,NA,NA,NA,NA,0,NA,NA,NA,16,NA,NA
2007,337122,2768,0.5707216494845361,860,0.177319587628866,Nonupholstered wood household furniture manufacturing,179,4850,2538,6938,7388,1984,35,519,6759,16744,524,NA,202,NA,-65,695,-11362,NA,0,NA,NA,NA,3,NA,NA,NA,18,NA,NA
2007,337127,2436,0.634375,561,0.14609375,Institutional furniture manufacturing,645,3840,1997,5809,5837,1456,30,511,5163,72,7894,NA,NA,NA,13,902,-4255,NA,0,NA,NA,NA,1,NA,NA,NA,537,NA,NA
2007,33712N,1385,0.5754050685500623,474,0.19692563356875778,Other household nonupholstered furniture,392,2407,893,3358,3300,744,20,129,2966,5762,201,NA,48,NA,12,71,-3132,NA,NA,NA,NA,NA,0,NA,NA,NA,4,NA,NA
2007,337215,3629,0.6769259466517441,948,0.17683268047006157,"Showcase, partition, shelving, and locker manufacturing",4690,5361,2965,8340,8326,2737,42,187,3650,607,6905,NA,7,NA,-16,595,-4802,NA,1,NA,NA,NA,10,NA,NA,NA,343,NA,NA
2007,33721A,5969,0.6128336755646817,1539,0.1580082135523614,Office furniture and custom architectural woodwork and millwork manufacturing,5688,9740,9040,18006,18780,4981,103,3956,12319,289,11686,NA,NA,NA,-18,321,-1515,NA,0,NA,NA,NA,11,NA,NA,NA,1545,NA,NA
2007,337900,3534,0.6383670520231214,628,0.11343930635838151,Other furniture related product manufacturing,379,5536,4001,9183,9537,1884,61,2056,8804,9125,726,NA,86,NA,63,129,-1351,NA,NA,NA,NA,NA,NA,NA,NA,NA,25,NA,NA
2007,339112,7253,0.5615950445218738,1363,0.10553619821912505,Surgical and medical instrument manufacturing,12516,12915,17904,29392,30819,10675,380,6849,16876,248,17975,NA,NA,NA,249,6580,-8269,NA,30,NA,NA,NA,6,NA,NA,NA,58,NA,NA
2007,339113,8193,0.4857413885101085,1474,0.0873895772810814,Surgical appliance and supplies manufacturing,17873,16867,16893,30710,33760,8250,383,8260,12837,10017,5458,NA,NA,NA,198,5344,-8746,NA,4,NA,NA,NA,66,NA,NA,NA,496,NA,NA
2007,339114,1211,0.49896992171405025,393,0.1619283065512979,Dental equipment and supplies manufacturing,2790,2427,2112,4361,4538,1262,52,798,1571,NA,1678,NA,NA,NA,40,854,-1118,NA,35,NA,NA,NA,66,NA,NA,NA,16,NA,NA
2007,339115,1153,0.336937463471654,302,0.08825248392752776,Ophthalmic goods manufacturing,40,3422,4854,7777,8276,2429,81,2344,7737,9740,NA,NA,NA,NA,110,996,-3109,NA,NA,NA,NA,NA,NA,NA,NA,NA,NA,NA,NA
2007,339116,929,0.40925110132158593,381,0.16784140969162994,Dental laboratories,4466,2270,2912,4477,5182,2616,54,242,11,NA,NA,NA,NA,NA,4,7,NA,NA,NA,NA,NA,NA,NA,NA,NA,NA,NA,NA,NA
2007,339910,3917,0.49407164480322907,2479,0.31268920282542884,Jewelry and silverware manufacturing,3246,7928,4065,15969,11992,2381,76,1607,12724,27808,NA,NA,NA,NA,36,8586,-23705,NA,NA,NA,NA,NA,NA,NA,NA,NA,NA,NA,NA
2007,339920,4399,0.488614906142397,1006,0.11174053093413307,Sporting and athletic goods manufacturing,1246,9003,4280,12899,13283,2942,92,1246,11653,14004,2568,NA,NA,NA,402,1559,-7119,NA,0,NA,NA,NA,1,NA,NA,NA,239,NA,NA
2007,339930,1246,0.6081015129331381,145,0.07076622742801367,"Doll, toy, and game manufacturing",3216,2049,1112,3078,3161,878,18,216,-138,16512,NA,NA,NA,NA,150,981,-17782,NA,NA,NA,NA,NA,NA,NA,NA,NA,NA,NA,NA
2007,339940,1605,0.6192129629629629,363,0.1400462962962963,Office supplies (except paper) manufacturing,2461,2592,1648,4961,4240,1276,27,344,2499,3618,104,NA,NA,NA,15,452,-1921,NA,NA,NA,NA,NA,1,NA,NA,NA,230,NA,NA
2007,339950,5440,0.6462342599192207,964,0.11451651223568543,Sign manufacturing,840,8418,5252,9226,13669,4532,111,609,8386,NA,8417,NA,NA,NA,17,166,-215,NA,0,NA,NA,NA,1,NA,NA,NA,NA,NA,NA
2007,339990,10898,0.5611162599114407,2314,0.11914323962516733,All other miscellaneous manufacturing,12911,19422,11196,29300,30619,7777,268,3151,16388,17407,7200,NA,NA,NA,206,4172,-12625,NA,5,NA,NA,NA,NA,NA,NA,NA,24,NA,NA
2007,423100,2577,0.09310643832646867,1144,0.04133246621865742,Motor vehicle and motor vehicle parts and supplies,30813,27678,45869,68098,73547,30238,1798,13833,37285,16244,13205,0,0,0,241,7261,NA,NA,49,0,NA,NA,18,0,NA,NA,267,0,NA
2007,423400,3348,0.08711490424646129,1445,0.0375988759367194,Professional and commercial equipment and supplies,41825,38432,102574,127692,141006,78449,4795,19330,85867,21636,32174,9340,53,0,320,18288,NA,NA,735,206,NA,NA,304,285,NA,NA,2122,405,NA
2007,423600,2632,0.06629055007052186,1102,0.02775538988515011,Household appliances and electrical and electronic goods,47481,39704,68961,110921,108665,27918,2991,38052,63440,12382,25783,535,443,NA,248,16699,NA,NA,3825,12,NA,NA,1694,16,NA,NA,1780,23,NA
2007,423800,4177,0.12095326345051254,1572,0.04552035674986969,"Machinery, equipment, and supplies",42048,34534,79657,100054,114191,54351,5463,19843,58006,2832,33864,3,5,0,187,19104,NA,NA,1030,0,NA,NA,232,0,NA,NA,748,0,NA
2007,423A00,10750,0.11885019347705915,3674,0.04061912658927584,Other durable goods merchant wholesalers,122642,90450,116454,204529,206904,81086,7150,28218,81887,45049,12890,49,1015,65,214,21597,NA,NA,461,1,NA,NA,91,1,NA,NA,452,2,NA
2007,424200,1597,0.08102897153584657,611,0.031001065503069664,Drugs and druggists' sundries,41224,19709,68840,96373,88550,32091,1734,35015,55149,46172,194,NA,1,NA,109,8648,NA,NA,5,NA,NA,NA,3,NA,NA,NA,17,NA,NA
2007,424400,5630,0.11488858052403886,1561,0.031854542486327644,Grocery and related product wholesalers,44254,49004,55255,108787,104259,33783,1688,19783,64534,57205,381,NA,3,NA,407,6530,NA,NA,0,NA,NA,NA,2,NA,NA,NA,5,NA,NA
2007,424700,889,0.12173079556346707,639,0.08749828837464056,Petroleum and petroleum products,76279,7303,125248,137261,132551,10992,87868,26388,60981,57605,114,NA,24,0,-36,3274,NA,NA,0,NA,NA,NA,0,NA,NA,NA,0,NA,NA
2007,424A00,8021,0.088879285508499,2493,0.02762449305232365,Other nondurable goods merchant wholesalers,106388,90246,142066,237484,232311,67083,29708,45275,131096,109698,1400,84,37,1,1179,18597,NA,NA,11,2,NA,NA,12,3,NA,NA,69,4,NA
2007,425000,2865,0.16184611908258953,905,0.051124166760817984,Wholesale electronic markets and agents and brokers,30650,17702,22436,36977,40138,13264,465,8707,6326,2132,1081,5,3,0,29,3014,NA,NA,30,0,NA,NA,12,0,NA,NA,19,0,NA
2007,441000,8480,0.16008759509920523,3246,0.061278812935379734,Motor vehicle and parts dealers,13693,52971,162806,145377,215777,96270,35504,31033,131683,119733,11948,NA,2,NA,NA,NA,NA,NA,NA,NA,NA,NA,NA,NA,NA,NA,NA,NA,NA
2007,444000,2390,0.061891443961052416,912,0.023617153511497825,Building material and garden equipment and supplies dealers,76805,38616,88122,122979,126738,49500,20620,18001,46174,38353,6616,0,1205,NA,NA,NA,NA,NA,NA,NA,NA,NA,NA,NA,NA,NA,NA,NA,NA
2007,445000,8765,0.13677360963735097,2504,0.03907371574808064,Food and beverage stores,1854,64084,124110,167686,188194,77432,18893,27786,165831,165703,123,0,5,NA,NA,NA,NA,NA,NA,NA,NA,NA,NA,NA,NA,NA,NA,NA,NA
2007,446000,1655,0.0654823138403102,612,0.024214607897444014,Health and personal care stores,121,25274,49720,81099,74994,38489,5241,5991,80977,80962,14,0,1,NA,NA,NA,NA,NA,NA,NA,NA,NA,NA,NA,NA,NA,NA,NA,NA
2007,447000,3068,0.11670280345391609,687,0.02613260298984366,Gasoline stations,9337,26289,56611,67299,82900,28005,12227,16379,57962,57955,5,0,2,NA,NA,NA,NA,NA,NA,NA,NA,NA,NA,NA,NA,NA,NA,NA,NA
2007,448000,5173,0.0894379225090337,2550,0.0440878991683812,Clothing and clothing accessories stores,18,57839,57181,111039,115019,34026,14286,8869,111021,111015,1,0,4,NA,NA,NA,NA,NA,NA,NA,NA,NA,NA,NA,NA,NA,NA,NA,NA
2007,452000,5713,0.07734066172090756,2917,0.03948935939784481,General merchandise stores,4194,73868,124574,191648,198442,77976,36602,9996,187454,185644,1508,162,141,NA,NA,NA,NA,NA,NA,NA,NA,NA,NA,NA,NA,NA,NA,NA,NA
2007,454000,5744,0.11109177062179673,2355,0.04554685233536408,Nonstore retailers,9451,51705,81710,129617,133415,27256,9508,44946,120166,114263,4853,826,225,NA,NA,NA,NA,NA,NA,NA,NA,NA,NA,NA,NA,NA,NA,NA,NA
2007,481000,34543,0.3948809401328349,22601,0.258365055957566,Air transportation,63289,87477,73198,158932,160675,39908,16807,16483,95643,91488,280,22,2,NA,7,32634,-28839,NA,27,0,NA,NA,6,1,NA,NA,15,1,NA
2007,482000,11572,0.4093385214007782,3107,0.10990449239476477,Rail transportation,42806,28270,32394,59610,60665,19287,-325,13432,16804,6058,2077,NA,27,NA,294,8083,139,NA,28,NA,NA,NA,4,NA,NA,NA,94,NA,NA
2007,483000,11547,0.35286028602860287,4251,0.1299046571323799,Water transportation,13149,32724,14227,46963,46950,5752,205,8270,33814,14108,17,0,0,NA,131,6869,12680,NA,8,0,NA,NA,1,0,NA,NA,0,NA,NA
2007,484000,34107,0.21959887969610148,5004,0.03221839487493159,Truck transportation,145973,155315,123709,273178,279024,76841,3487,43381,127205,75984,21449,542,727,23,624,24499,1437,NA,748,12,NA,NA,185,17,NA,NA,934,23,NA
2007,485000,4150,0.22290256740788483,543,0.029165323880116018,Transit and ground passenger transportation,28246,18618,26285,56517,44903,14289,1030,10966,28271,28271,NA,NA,NA,NA,NA,NA,NA,NA,NA,NA,NA,NA,NA,NA,NA,NA,NA,NA,NA
2007,486000,1544,0.12122163774829238,430,0.03375991206720578,Pipeline transportation,23408,12737,13005,25885,25741,4733,1725,6547,2477,1482,NA,NA,NA,NA,6,990,NA,NA,NA,NA,NA,NA,NA,NA,NA,NA,NA,NA,NA
2007,48A000,6761,0.14137548878154862,2289,0.04786399849444828,Scenic and sightseeing transportation and support activities,99493,47823,46907,108778,94730,32900,1251,12756,9285,8538,NA,NA,NA,NA,NA,747,NA,NA,NA,NA,NA,NA,NA,NA,NA,NA,NA,NA,NA
2007,491000,4693,0.21692705925857447,1143,0.05283350281963576,Postal service,64883,21634,53198,74663,74832,54240,NA,-1042,9780,9923,NA,NA,NA,NA,NA,345,-488,NA,NA,NA,NA,NA,NA,NA,NA,NA,NA,NA,NA
2007,492000,9949,0.24435711654181505,1929,0.047378116173400465,Couriers and messengers,69534,40715,43027,84320,83741,30945,867,11215,14786,3624,NA,NA,NA,NA,NA,8101,3061,NA,NA,NA,NA,NA,NA,NA,NA,NA,NA,NA,NA
2007,493000,3051,0.1099182188276831,1116,0.04020607414345931,Warehousing and storage,72155,27757,41277,72389,69034,31263,585,9429,234,91,NA,NA,NA,NA,NA,143,NA,NA,NA,NA,NA,NA,NA,NA,NA,NA,NA,NA,NA
2007,4B0000,7068,0.09548641601707623,2235,0.03019413409708056,All other retail,8730,74021,124537,201649,198558,77436,28018,19083,192918,172430,14423,1616,4449,NA,NA,NA,NA,NA,NA,NA,NA,NA,NA,NA,NA,NA,NA,NA,NA
2007,511110,7528,0.4097093719386089,1531,0.0833242625449004,Newspaper publishers,546,18374,30270,11618,48643,15393,309,14568,11072,10916,NA,NA,NA,NA,-13,233,-64,NA,NA,NA,NA,NA,NA,NA,NA,NA,NA,NA,NA
2007,511120,5831,0.27352472089314195,861,0.04038840416549395,Periodical Publishers,5928,21318,26269,20362,47586,10864,319,15086,14434,13191,NA,198,NA,NA,-64,1435,-327,NA,NA,NA,NA,NA,NA,NA,NA,NA,NA,NA,NA
2007,511130,6322,0.3181360708534622,627,0.03155193236714976,Book publishers,5468,19872,19476,36255,39347,5852,722,12902,30787,21767,NA,8853,NA,NA,106,2387,-2327,NA,NA,NA,NA,NA,NA,NA,NA,NA,NA,NA,NA
2007,5111A0,5252,0.4013449488002445,1051,0.08031484028732998,"Directory, mailing list, and other publishers",2847,13086,13667,11159,26754,4504,164,8999,8312,8002,NA,566,NA,NA,-2,359,-613,NA,NA,NA,NA,NA,NA,NA,NA,NA,NA,NA,NA
2007,511200,1047,0.01948015703202039,1134,0.021098852028950454,Software publishers,29928,53747,94942,130507,148689,43051,1963,49928,100580,22205,NA,48622,NA,NA,52,26500,-1460,NA,NA,1071,NA,NA,NA,1481,NA,NA,NA,2108,NA
2007,512100,2687,0.05091811790566789,1591,0.03014913494153986,Motion picture and video industries,48889,52771,63288,114775,116060,24573,4764,33951,65886,24772,NA,30389,NA,NA,32,14745,-4052,NA,NA,NA,NA,NA,NA,NA,NA,NA,NA,NA,NA
2007,512200,709,0.09113110539845759,174,0.02236503856041131,Sound recording industries,6736,7780,13216,21290,20996,1785,1492,9940,14554,10221,NA,5150,NA,NA,34,995,-1845,NA,NA,NA,NA,NA,NA,NA,NA,NA,NA,NA,NA
2007,515100,710,0.027241683612784406,262,0.010052564938802133,Radio and television broadcasting,7677,26063,38374,20139,64436,15248,811,22315,12462,4525,NA,7929,NA,NA,NA,8,NA,NA,NA,NA,NA,NA,NA,NA,NA,NA,NA,NA,NA
2007,515200,4328,0.20677464048540442,1797,0.08585351870431418,Cable and other subscription programming,21127,20931,36546,33182,57477,11225,924,24397,12055,NA,NA,12055,NA,NA,NA,NA,NA,NA,NA,NA,NA,NA,NA,NA,NA,NA,NA,NA,NA
2007,517110,14027,0.10681866642297969,13297,0.10125955709890645,Wired telecommunications carriers,161199,131316,195806,318447,327122,57739,24136,113931,157248,143422,7714,NA,NA,NA,NA,6261,-150,NA,NA,NA,NA,NA,NA,NA,NA,NA,NA,NA,NA
2007,517210,18559,0.2073631284916201,10700,0.11955307262569832,Wireless telecommunications carriers (except satellite),71203,89500,81785,156650,171285,18693,8608,54484,85447,81586,NA,NA,NA,NA,NA,3861,NA,NA,NA,NA,NA,NA,NA,NA,NA,NA,NA,NA,NA
2007,517A00,853,0.06900736186392686,1069,0.08648167623978642,"Satellite, telecommunications resellers, and all other telecommunications",15640,12361,21498,27796,33858,14195,1741,5561,12156,11573,NA,NA,NA,NA,NA,603,-19,NA,NA,NA,NA,NA,NA,NA,NA,NA,NA,NA,NA
2007,518200,5823,0.16653320368357832,2233,0.06386203740776755,"Data processing, hosting, and related services",58517,34966,44065,85362,79032,24184,1261,18621,26845,10176,NA,13626,NA,NA,NA,915,-214,NA,NA,437,NA,NA,NA,448,NA,NA,NA,1458,NA
2007,519130,2165,0.21429278432148866,488,0.04830248441057112,Internet publishing and broadcasting and Web search portals,12977,10103,22271,17051,32374,10214,705,11352,4075,2328,NA,NA,NA,NA,NA,2061,-315,NA,NA,NA,NA,NA,NA,NA,NA,NA,NA,NA,NA
2007,5191A0,101,0.10069790628115653,37,0.036889332003988036,"News syndicates, libraries, archives and all other information services",5175,1003,6070,8899,7073,2966,96,3007,3724,3362,NA,NA,NA,NA,NA,365,-3,NA,NA,NA,NA,NA,NA,NA,NA,NA,NA,NA,NA
2007,522A00,3000,0.030630685821055534,2541,0.025944190890434038,Nondepository credit intermediation and related activities,175951,97941,143269,220432,241210,89415,6636,47218,44482,35631,NA,NA,NA,NA,NA,8851,NA,NA,NA,NA,NA,NA,NA,NA,NA,NA,NA,NA,NA
2007,523900,3666,0.024565447552166397,3384,0.02267579774046129,Other financial investment activities,179618,149234,90709,315238,239943,99629,2952,-11872,135619,107841,NA,NA,NA,NA,NA,27778,NA,NA,NA,NA,NA,NA,NA,NA,NA,NA,NA,NA,NA
2007,523A00,2581,0.01766852182723047,22807,0.15612784862985096,Securities and commodity contracts intermediation and brokerage,144908,146079,115550,208207,261629,116896,2128,-3474,63299,41349,NA,NA,NA,NA,NA,22011,-61,NA,NA,NA,NA,NA,NA,NA,NA,NA,NA,NA,NA
2007,524113,9,0.004008908685968819,836,0.3723830734966592,Direct life insurance carriers,NA,2245,85041,85659,87286,47651,3373,34017,85659,85659,NA,NA,NA,NA,NA,NA,NA,NA,NA,NA,NA,NA,NA,NA,NA,NA,NA,NA,NA
2007,5241XX,829,0.004054424164172388,43208,0.2113191306219066,"Insurance carriers, except direct life",247215,204468,230431,424572,434899,84796,16030,129605,177357,202491,NA,NA,10037,NA,NA,11450,-46621,NA,NA,NA,NA,NA,NA,NA,NA,NA,NA,NA,NA
2007,524200,1566,0.01979297008303947,899,0.011362630973596735,"Insurance agencies, brokerages, and related activities",185568,79119,90568,185568,169688,57754,2058,30756,NA,NA,NA,NA,NA,NA,NA,NA,NA,NA,NA,NA,NA,NA,NA,NA,NA,NA,NA,NA,NA
2007,525000,1196,0.01151284124600516,1129,0.010867891109314236,"Funds, trusts, and other financial vehicles",11930,103884,10450,136227,114334,667,912,8870,124297,124297,NA,NA,NA,NA,NA,NA,NA,NA,NA,NA,NA,NA,NA,NA,NA,NA,NA,NA,NA
2007,52A000,9124,0.042909008822588836,4717,0.02218344965104686,Monetary authorities and depository credit intermediation,252475,212636,263547,420013,476183,120621,8125,134801,167538,165260,NA,NA,NA,NA,NA,15535,-13257,NA,NA,NA,NA,NA,NA,NA,NA,NA,NA,NA,NA
2007,531HSO,4270,0.0278364494510939,2106,0.013729171555972777,Owner-occupied housing,NA,153396,1017866,1170959,1171262,NA,129051,888815,1170959,1170959,NA,NA,NA,NA,NA,NA,NA,NA,NA,NA,NA,NA,NA,NA,NA,NA,NA,NA,NA
2007,531HST,35,0.006207875133025896,204,0.03618304363249379,Tenant-occupied housing,NA,5638,329001,309208,334639,13985,43263,271753,309208,309208,NA,NA,NA,NA,NA,NA,NA,NA,NA,NA,NA,NA,NA,NA,NA,NA,NA,NA,NA
2007,531ORE,23698,0.04229112311146168,9060,0.016168350721151272,Other real estate,781567,560354,324878,901238,885232,67683,20240,236955,119672,5035,NA,NA,94792,16757,NA,3088,NA,NA,NA,NA,NA,NA,NA,NA,NA,NA,NA,NA,NA
2007,532100,2196,0.10661229245557821,701,0.03403243033304204,Automotive equipment rental and leasing,49382,20598,29388,101284,49986,8422,4999,15967,51902,49708,NA,NA,NA,NA,NA,2194,NA,NA,NA,NA,NA,NA,NA,NA,NA,NA,NA,NA,NA
2007,532400,2113,0.10088808250572956,559,0.02669022154316272,Commercial and industrial machinery and equipment rental and leasing,75154,20944,35089,79652,56033,10084,3699,21306,4498,359,NA,NA,NA,NA,NA,4139,NA,NA,NA,NA,NA,NA,NA,NA,NA,NA,NA,NA,NA
2007,532A00,612,0.04435746901500326,278,0.020149307820540696,General and consumer goods rental,13094,13797,17350,40279,31147,7378,2625,7348,27186,26267,NA,NA,NA,NA,NA,919,NA,NA,NA,NA,NA,NA,NA,NA,NA,NA,NA,NA,NA
2007,533000,1077,0.021296369532547654,745,0.014731471960768804,Lessors of nonfinancial intangible assets,84936,50572,82425,135639,132997,4631,3280,74514,50703,NA,NA,NA,NA,NA,NA,50703,NA,NA,NA,NA,NA,NA,NA,NA,NA,NA,NA,NA,NA
2007,541100,3084,0.042328332807202954,2241,0.030758039500953897,Legal services,160089,72859,217575,290246,290435,110025,21355,86196,130157,90334,NA,NA,32389,NA,NA,9315,-1881,NA,NA,NA,NA,NA,NA,NA,NA,NA,NA,NA,NA
2007,541200,1722,0.06982685211467499,1095,0.044402092372572075,"Accounting, tax preparation, bookkeeping, and payroll services",114305,24661,107396,128924,132058,71535,1156,34705,14620,15435,NA,NA,NA,NA,NA,1083,-1898,NA,NA,NA,NA,NA,NA,NA,NA,NA,NA,NA,NA
2007,541300,23755,0.18602629662403972,7745,0.06065138570209167,"Architectural, engineering, and related services",204850,127697,144422,272170,272119,118855,2184,23383,67320,NA,45980,NA,2800,NA,NA,26658,-8118,NA,NA,NA,NA,NA,NA,NA,NA,NA,NA,NA,NA
2007,541400,3694,0.31624004794110094,1050,0.08988956424963616,Specialized design services,24388,11681,18198,28853,29879,7006,1038,10155,4465,4456,NA,NA,NA,NA,NA,107,-98,NA,NA,NA,NA,NA,NA,NA,NA,NA,NA,NA,NA
2007,541511,880,0.02569418085199568,1098,0.03205933019942188,Custom computer programming services,4813,34249,62297,153661,96545,54943,1527,5826,148848,NA,NA,126018,NA,NA,NA,2810,-5898,NA,NA,5097,NA,NA,NA,12332,NA,NA,NA,8490,NA
2007,541512,3338,0.10049071258692838,1805,0.054339645362314476,Computer systems design services,78427,33217,72208,91021,105425,60924,1345,9938,12594,NA,13491,NA,NA,NA,NA,2949,-5931,NA,1231,NA,NA,NA,NA,NA,NA,NA,853,NA,NA
2007,54151A,1817,0.08119944585958797,1262,0.05639719354694552,"Other computer related services, including facilities management",49384,22377,32605,49034,54982,24692,665,7248,-349,NA,NA,NA,NA,NA,NA,2903,-3252,NA,NA,NA,NA,NA,NA,NA,NA,NA,NA,NA,NA
2007,541610,3017,0.05435154659604749,2133,0.0384262011565692,Management consulting services,131257,55509,89819,142845,145328,65761,1524,22534,11588,NA,NA,NA,NA,NA,NA,25919,-14331,NA,NA,NA,NA,NA,NA,NA,NA,NA,NA,NA,NA
2007,5416A0,946,0.09019832189168574,502,0.04786422578184592,Environmental and other technical consulting services,31750,10488,20963,31929,31450,17469,315,3178,179,NA,NA,NA,NA,NA,NA,179,NA,NA,NA,NA,NA,NA,NA,NA,NA,NA,NA,NA,NA
2007,541700,7185,0.08704448536538088,3239,0.039239678232215545,Scientific research and development services,21774,82544,74416,430600,156960,64972,1009,8435,408826,4636,NA,268028,NA,NA,NA,14248,-11532,NA,NA,62523,NA,NA,NA,56820,NA,NA,NA,14103,NA
2007,541800,8350,0.1711170768694797,2553,0.05231879008955469,"Advertising, public relations, and related services",332552,48797,80196,338297,128994,35087,1338,43771,5745,2442,NA,NA,NA,NA,NA,7610,-4307,NA,NA,NA,NA,NA,NA,NA,NA,NA,NA,NA,NA
2007,541920,1143,0.20222929936305734,219,0.038747346072186835,Photographic services,3452,5652,6191,12000,11843,1784,463,3944,8548,7284,NA,1240,NA,NA,NA,38,-14,NA,NA,NA,NA,NA,NA,NA,NA,NA,NA,NA,NA
2007,541940,3034,0.46334758704948076,665,0.10155772755039706,Veterinary services,2250,6548,17985,22466,24533,10158,280,7547,20216,20216,NA,NA,NA,NA,NA,NA,NA,NA,NA,NA,NA,NA,NA,NA,NA,NA,NA,NA,NA
2007,5419A0,3208,0.1398004096396043,1274,0.055519239987797966,"All other miscellaneous professional, scientific, and technical services",63319,22947,41090,64317,64037,11794,812,28484,998,NA,NA,NA,NA,NA,NA,2384,-1385,NA,NA,NA,NA,NA,NA,NA,NA,NA,NA,NA,NA
2007,550000,16495,0.09044253513249735,11926,0.06539058344893382,Management of companies and enterprises,417643,182381,251107,421370,433488,219915,7677,23515,3728,NA,NA,NA,NA,NA,NA,3728,NA,NA,NA,NA,NA,NA,NA,NA,NA,NA,NA,NA,NA
2007,561100,595,0.0412621359223301,416,0.02884882108183079,Office administrative services,43418,14420,31237,43418,45658,30024,493,721,NA,NA,NA,NA,NA,NA,NA,NA,NA,NA,NA,NA,NA,NA,NA,NA,NA,NA,NA,NA,NA
2007,561200,3074,0.26163928845008083,689,0.05864328879053537,Facilities support services,27178,11749,15577,27178,27327,9582,234,5761,NA,NA,NA,NA,NA,NA,NA,NA,NA,NA,NA,NA,NA,NA,NA,NA,NA,NA,NA,NA,NA
2007,561300,817,0.02169871454371614,1437,0.038165303303941356,Employment services,176414,37652,141474,177522,179126,107754,1297,32423,1108,1517,NA,NA,NA,NA,NA,149,-557,NA,NA,NA,NA,NA,NA,NA,NA,NA,NA,NA,NA
2007,561400,3374,0.13262578616352202,1467,0.05766509433962264,Business support services,69053,25440,45083,73177,70523,36143,1005,7935,4124,4027,NA,NA,NA,NA,NA,145,-48,NA,NA,NA,NA,NA,NA,NA,NA,NA,NA,NA,NA
2007,561500,1197,0.058285046501436434,888,0.04323903199104056,Travel arrangement and reservation services,24947,20537,19460,39927,39997,12752,352,6356,14980,14546,NA,NA,NA,NA,NA,457,-24,NA,NA,NA,NA,NA,NA,NA,NA,NA,NA,NA,NA
2007,561600,1735,0.13002098321342925,593,0.044439448441247004,Investigation and security services,39183,13344,31449,46872,44793,26153,918,4378,7689,7672,NA,NA,NA,NA,NA,64,-47,NA,NA,NA,NA,NA,NA,NA,NA,NA,NA,NA,NA
2007,561700,19415,0.3655689242877855,4447,0.08373345384021541,Services to buildings and dwellings,125869,53109,87635,141298,140744,50346,1734,35556,15430,15377,NA,NA,NA,NA,NA,53,NA,NA,NA,NA,NA,NA,NA,NA,NA,NA,NA,NA,NA
2007,561900,3590,0.20692835321920572,774,0.044613522393221514,Other support services,36171,17349,23390,36979,40738,16737,653,6000,808,354,NA,NA,NA,NA,NA,455,NA,NA,NA,NA,NA,NA,NA,NA,NA,NA,NA,NA,NA
2007,562000,13720,0.3342672676330856,4016,0.09784382994274576,Waste management and remediation services,72433,41045,35477,87856,76521,20628,2591,12257,15423,15473,NA,NA,NA,NA,NA,32,-82,NA,NA,NA,NA,NA,NA,NA,NA,NA,NA,NA,NA
2007,611100,3173,0.2615828524319868,1233,0.10164880461665293,Elementary and secondary schools,NA,12130,21657,38699,33787,20115,728,814,38699,38699,NA,NA,NA,NA,NA,NA,NA,NA,NA,NA,NA,NA,NA,NA,NA,NA,NA,NA,NA
2007,611A00,6899,0.15688102601418955,1444,0.032836092414044026,"Junior colleges, colleges, universities, and professional schools",6402,43976,104708,170798,148684,77876,4232,22601,164396,163946,NA,NA,NA,NA,NA,876,-426,NA,NA,NA,NA,NA,NA,NA,NA,NA,NA,NA,NA
2007,611B00,4259,0.14690259381898454,1199,0.04135623620309051,Other educational services,10024,28992,25149,58562,54141,22880,1359,910,48538,48488,NA,NA,NA,NA,NA,375,-325,NA,NA,NA,NA,NA,NA,NA,NA,NA,NA,NA,NA
2007,621100,24572,0.1881167652980761,8510,0.06515032039258618,Offices of physicians,400,130621,221159,346984,351779,192740,3158,25261,346584,346507,NA,NA,NA,NA,NA,83,-5,NA,NA,NA,NA,NA,NA,NA,NA,NA,NA,NA,NA
2007,621200,12027,0.3295790858270306,1355,0.037131426065987065,Offices of dentists,NA,36492,60943,97006,97435,41960,770,18212,97006,96992,NA,NA,NA,NA,NA,20,-5,NA,NA,NA,NA,NA,NA,NA,NA,NA,NA,NA,NA
2007,621300,3816,0.17950044686956113,733,0.03447951455853991,Offices of other health practitioners,528,21259,44165,61949,65424,28031,695,15439,61421,61406,NA,NA,NA,NA,NA,20,-5,NA,NA,NA,NA,NA,NA,NA,NA,NA,NA,NA,NA
2007,621400,5507,0.16976478929683406,650,0.020037609050833873,Outpatient care centers,764,32439,39443,78521,71882,24233,853,14357,77757,77737,NA,NA,NA,NA,NA,25,-5,NA,NA,NA,NA,NA,NA,NA,NA,NA,NA,NA,NA
2007,621500,3006,0.2532861476238625,887,0.07473879339400068,Medical and diagnostic laboratories,8572,11868,25908,37398,37776,17570,538,7800,28826,28812,NA,NA,NA,NA,NA,20,-5,NA,NA,NA,NA,NA,NA,NA,NA,NA,NA,NA,NA
2007,621600,5374,0.30633301031750554,1875,0.10688023713161945,Home health care services,NA,17543,33405,64906,50948,28694,815,3896,64906,64891,NA,NA,NA,NA,NA,20,-5,NA,NA,NA,NA,NA,NA,NA,NA,NA,NA,NA,NA
2007,621900,5771,0.3756916867391446,1437,0.09354859709654319,Other ambulatory health care services,9941,15361,17432,34555,32793,13186,264,3982,24614,24599,NA,NA,NA,NA,NA,20,-5,NA,NA,NA,NA,NA,NA,NA,NA,NA,NA,NA,NA
2007,622000,61885,0.28219977655669304,18137,0.08270594404797191,Hospitals,132,219295,310734,648850,530029,267770,10226,32738,648718,649840,NA,NA,NA,NA,NA,435,-1557,NA,NA,NA,NA,NA,NA,NA,NA,NA,NA,NA,NA
2007,623A00,10913,0.19001932754087514,2700,0.04701293726384705,Nursing and community care facilities,2467,57431,80168,138504,137599,73893,3391,2884,136038,136023,NA,NA,NA,NA,NA,20,-5,NA,NA,NA,NA,NA,NA,NA,NA,NA,NA,NA,NA
2007,623B00,3155,0.24747038983449682,1086,0.08518315161973489,"Residential mental health, substance abuse, and other residential care facilities",143,12749,22293,34414,35043,20916,654,723,34271,34256,NA,NA,NA,NA,NA,20,-5,NA,NA,NA,NA,NA,NA,NA,NA,NA,NA,NA,NA
2007,624100,6547,0.2752575152406979,2968,0.12478452806390582,Individual and family services,NA,23785,36933,58442,60718,36199,692,43,58442,58442,NA,NA,NA,NA,NA,NA,NA,NA,NA,NA,NA,NA,NA,NA,NA,NA,NA,NA,NA
2007,624400,3189,0.2661492238357536,568,0.04740443999332332,Child day care services,885,11982,27773,42494,39755,14542,377,12854,41609,41609,NA,NA,NA,NA,NA,NA,NA,NA,NA,NA,NA,NA,NA,NA,NA,NA,NA,NA,NA
2007,624A00,7485,0.42891524840983325,1098,0.0629190304280557,"Community food, housing, and other relief services, including vocational rehabilitation services",NA,17451,16120,34101,33571,15339,337,444,34101,34101,NA,NA,NA,NA,NA,NA,NA,NA,NA,NA,NA,NA,NA,NA,NA,NA,NA,NA,NA
2007,711100,374,0.04047619047619048,117,0.012662337662337663,Performing arts companies,4384,9240,10250,27908,19490,4970,907,4372,23524,19700,NA,3631,NA,NA,NA,284,-89,NA,NA,NA,NA,NA,NA,NA,NA,NA,NA,NA,NA
2007,711200,1096,0.0852188787808102,185,0.014384573516833839,Spectator sports,12824,12861,21830,28739,34691,14650,1767,5413,15915,15764,NA,NA,NA,NA,NA,263,-113,NA,NA,NA,NA,NA,NA,NA,NA,NA,NA,NA,NA
2007,711500,305,0.0423728813559322,357,0.049597110308419005,"Independent artists, writers, and performers",25008,7198,24639,25764,31837,9809,2155,12674,756,113,NA,400,NA,NA,NA,244,0,NA,NA,NA,NA,NA,NA,NA,NA,NA,NA,NA,NA
2007,711A00,394,0.025049272045266704,149,0.009472948057727764,Promoters of performing arts and sports and agents for public figures,13183,15729,13528,22470,29257,5951,1639,5938,9287,8964,NA,NA,NA,NA,NA,394,-72,NA,NA,NA,NA,NA,NA,NA,NA,NA,NA,NA,NA
2007,712000,992,0.16472932580538027,173,0.02872799734307539,"Museums, historical sites, zoos, and parks",NA,6022,5358,12245,11379,3443,314,1600,12245,12245,NA,NA,NA,NA,NA,0,0,NA,NA,NA,NA,NA,NA,NA,NA,NA,NA,NA,NA
2007,713100,1881,0.29598741148701807,394,0.06199842643587726,Amusement parks and arcades,324,6355,11997,12109,18352,6196,1420,4381,11785,11785,NA,NA,NA,NA,NA,0,0,NA,NA,NA,NA,NA,NA,NA,NA,NA,NA,NA,NA
2007,713200,1542,0.11663262990696618,417,0.0315407306557749,Gambling industries (except casino hotels),654,13221,16706,86140,29927,8382,1902,6422,85486,85486,NA,NA,NA,NA,NA,0,0,NA,NA,NA,NA,NA,NA,NA,NA,NA,NA,NA,NA
2007,713900,6533,0.1950731561660197,1390,0.04150492684383398,Other amusement and recreation industries,11302,33490,33142,60397,66632,23608,4926,4608,49095,49095,NA,NA,NA,NA,NA,0,0,NA,NA,NA,NA,NA,NA,NA,NA,NA,NA,NA,NA
2007,721000,11066,0.1619849227841616,4012,0.05872795140159555,Accommodation,42647,68315,124500,143864,192814,63212,19514,41774,101216,101216,NA,NA,NA,NA,NA,NA,NA,NA,NA,NA,NA,NA,NA,NA,NA,NA,NA,NA,NA
2007,722110,21826,0.21038122319147912,5070,0.04886982505180973,Full-service restaurants,59199,103745,137658,242602,241403,97773,17060,22825,183403,182360,NA,NA,NA,NA,NA,1043,NA,NA,NA,NA,NA,NA,NA,NA,NA,NA,NA,NA,NA
2007,722211,29209,0.23504466081918404,5382,0.04330892411684236,Limited-service restaurants,22184,124270,95806,263726,220076,55589,17234,22983,241542,240540,NA,NA,NA,NA,NA,1002,NA,NA,NA,NA,NA,NA,NA,NA,NA,NA,NA,NA,NA
2007,722A00,3214,0.14757335047522843,1001,0.04596170623077276,All other food and drinking places,48325,21779,38210,116929,59990,31230,2911,4069,68604,68248,NA,NA,NA,NA,NA,356,NA,NA,NA,NA,NA,NA,NA,NA,NA,NA,NA,NA,NA
2007,811100,19309,0.3365109794353433,6324,0.11021261763680724,Automotive repair and maintenance,47985,57380,53657,185050,111038,33893,5430,14335,137065,137027,NA,NA,NA,NA,NA,38,NA,NA,NA,NA,NA,NA,NA,NA,NA,NA,NA,NA,NA
2007,811200,2730,0.29342218400687875,1052,0.11306964746345657,Electronic and precision equipment repair and maintenance,35993,9304,9977,39466,19282,8760,640,578,3473,3469,NA,NA,NA,NA,NA,3,NA,NA,NA,NA,NA,NA,NA,NA,NA,NA,NA,NA,NA
2007,811300,5413,0.3942461762563729,1670,0.12163146394756008,Commercial and industrial machinery and equipment repair and maintenance,56663,13730,16860,56676,30590,11820,2250,2791,13,NA,NA,NA,NA,NA,NA,13,NA,NA,NA,NA,NA,NA,NA,NA,NA,NA,NA,NA,NA
2007,811400,2366,0.40176600441501104,823,0.13975208014943113,Personal and household goods repair and maintenance,18370,5889,14598,34074,20487,3055,1173,10370,15703,18336,NA,NA,NA,NA,NA,4,-2636,NA,NA,NA,NA,NA,NA,NA,NA,NA,NA,NA,NA
2007,812100,3525,0.1528753577933906,719,0.031182236100268886,Personal care services,373,23058,36787,59160,59844,18890,1842,16054,58787,58787,NA,NA,NA,NA,NA,NA,NA,NA,NA,NA,NA,NA,NA,NA,NA,NA,NA,NA,NA
2007,812200,1523,0.25286402125186785,88,0.014610659139963473,Death care services,NA,6023,12375,18133,18397,7977,690,3708,18133,18133,NA,NA,NA,NA,NA,NA,NA,NA,NA,NA,NA,NA,NA,NA,NA,NA,NA,NA,NA
2007,812300,2625,0.20879732739420936,1221,0.0971205854279351,Dry-cleaning and laundry services,12930,12572,13578,25896,26150,11968,970,639,12965,12965,NA,NA,NA,NA,NA,NA,NA,NA,NA,NA,NA,NA,NA,NA,NA,NA,NA,NA,NA
2007,812900,1536,0.08932829310846176,572,0.03326548415236987,Other personal services,7853,17195,31549,57321,48743,11445,1609,18494,49468,49468,NA,NA,NA,NA,NA,NA,NA,NA,NA,NA,NA,NA,NA,NA,NA,NA,NA,NA,NA
2007,813100,4037,0.07287266688328098,1082,0.019531391024946748,Religious organizations,NA,55398,22316,77273,77714,16003,194,6119,77273,77273,NA,NA,NA,NA,NA,NA,NA,NA,NA,NA,NA,NA,NA,NA,NA,NA,NA,NA,NA
2007,813A00,0,0,0,0,"Grantmaking, giving, and social advocacy organizations",1229,88,41594,41203,41682,34290,795,6509,39974,39974,NA,NA,NA,NA,NA,NA,NA,NA,NA,NA,NA,NA,NA,NA,NA,NA,NA,NA,NA
2007,813B00,1163,0.23162716590320653,286,0.05696076478789086,"Civic, social, professional, and similar organizations",20400,5021,59261,58775,64282,54935,1699,2626,38375,38203,NA,NA,NA,NA,NA,172,NA,NA,NA,NA,NA,NA,NA,NA,NA,NA,NA,NA,NA
2012,1111A0,5282,0.2704695580930923,1745,0.08935429361462441,Oilseed farming,28764,19529,22844,41815,42373,54,865,21925,13051,NA,NA,NA,NA,NA,-3494,17485,-940,NA,NA,NA,NA,NA,NA,NA,NA,NA,NA,NA,NA
2012,1111B0,18387,0.28903560481018625,6511,0.10235007466792423,Grain farming,78061,63615,20438,82875,84053,3182,-6120,23375,4814,2001,NA,NA,NA,NA,-7422,12741,-2507,NA,NA,NA,NA,NA,NA,NA,NA,NA,NA,NA,NA
2012,111200,2166,0.29565929565929566,661,0.09022659022659023,Vegetable and melon farming,2771,7326,7050,13952,14376,1807,299,4944,11181,17684,NA,NA,NA,NA,-2672,2243,-6074,NA,NA,NA,NA,NA,NA,NA,NA,NA,NA,NA,NA
2012,111300,2660,0.2749354005167959,760,0.07855297157622738,Fruit and tree nut farming,18029,9675,16815,26059,26489,4469,522,11823,8030,18537,NA,NA,NA,NA,-1992,5626,-14141,NA,NA,NA,NA,NA,NA,NA,NA,NA,NA,NA,NA
2012,111400,2616,0.2268667071372821,1019,0.08837047957679299,"Greenhouse, nursery, and floriculture production",12858,11531,10495,21797,22026,5725,378,4392,8938,10419,NA,NA,NA,NA,75,674,-2229,NA,NA,NA,NA,NA,NA,NA,NA,NA,NA,NA,NA
2012,111900,4346,0.2600370968706995,1837,0.10991443786274158,Other crop farming,21205,16713,10930,26662,27643,6251,-396,5074,5457,3285,NA,NA,NA,NA,-2422,6158,-1565,NA,NA,NA,NA,NA,NA,NA,NA,NA,NA,NA,NA
2012,112120,13006,0.42736503138040943,1590,0.052245917260868135,Dairy cattle and milk production,36923,30433,7580,37195,38013,1864,750,4966,272,130,NA,NA,NA,NA,33,114,-6,NA,NA,NA,NA,NA,NA,NA,NA,NA,NA,NA,NA
2012,1121A0,8576,0.1582725846636523,1512,0.027904401587155115,"Beef cattle ranching and farming, including feedlots and dual-purpose ranching and farming",78653,54185,23986,77021,78171,1150,1590,21246,-1633,76,NA,NA,NA,NA,-166,313,-1856,NA,NA,NA,NA,NA,NA,NA,NA,NA,NA,NA,NA
2012,112300,17316,0.49848864323343983,689,0.019834758326856092,Poultry and egg production,32649,34737,4006,37979,38743,1657,764,1585,5330,5066,NA,NA,NA,NA,-275,610,-71,NA,NA,NA,NA,NA,NA,NA,NA,NA,NA,NA,NA
2012,112A00,2496,0.3253813062182245,287,0.03741363577108591,"Animal production, except cattle and poultry and eggs",28889,7671,24609,32143,32280,2145,805,21659,3253,4830,NA,NA,NA,NA,33,1287,-2897,NA,NA,NA,NA,NA,NA,NA,NA,NA,NA,NA,NA
2012,113000,559,0.07675408485514211,110,0.01510366607167376,Forestry and logging,18550,7283,8467,16981,15750,6338,362,1767,-1569,NA,NA,NA,NA,NA,685,1995,-4248,NA,NA,NA,NA,NA,NA,NA,NA,NA,NA,NA,NA
2012,114000,968,0.41385207353569903,306,0.1308251389482685,"Fishing, hunting and trapping",10684,2339,6040,8528,8379,1078,782,4180,-2156,5400,NA,NA,NA,NA,10,4235,-11801,NA,NA,NA,NA,NA,NA,NA,NA,NA,NA,NA,NA
2012,115000,3408,0.5191956124314442,1068,0.16270566727605118,Support activities for agriculture and forestry,28809,6564,16199,29057,22763,12344,469,3386,249,294,NA,NA,NA,NA,NA,29,-74,NA,NA,NA,NA,NA,NA,NA,NA,NA,NA,NA,NA
2012,211000,31428,0.22823860913012534,16345,0.11870179668550015,Oil and gas extraction,613442,137698,224918,289775,362616,34979,31790,158149,-323668,NA,NA,NA,NA,NA,2457,8986,-335111,NA,NA,NA,NA,NA,NA,NA,NA,NA,NA,NA,NA
2012,212100,7631,0.32476486359960843,2550,0.10852449248840278,Coal mining,34474,23497,30951,43969,54448,9283,2929,18739,9496,78,NA,NA,NA,NA,420,9785,-787,NA,NA,NA,NA,NA,NA,NA,NA,NA,NA,NA,NA
2012,212230,2102,0.3193558189000304,532,0.08082649650562139,"Copper, nickel, lead, and zinc mining",7844,6582,7438,11133,14020,1440,573,5425,3288,NA,NA,NA,NA,NA,98,3333,-142,NA,NA,NA,NA,NA,NA,NA,NA,NA,NA,NA,NA
2012,2122A0,4979,0.42610183996576806,1586,0.135729567821994,"Iron, gold, silver, and other metal ore mining",10979,11685,10701,21660,22386,2648,979,7074,10681,NA,393,NA,NA,NA,142,13358,-3212,NA,NA,NA,NA,NA,NA,NA,NA,NA,NA,NA,NA
2012,212310,1628,0.22341155482365857,492,0.0675174969123096,Stone mining and quarrying,12503,7287,8906,12570,16193,2400,584,5923,67,NA,NA,NA,NA,NA,240,84,-257,NA,NA,NA,NA,NA,NA,NA,NA,NA,NA,NA,NA
2012,2123A0,2694,0.31420573827851644,923,0.10765103802192676,Other nonmetallic mineral mining and quarrying,14481,8574,8989,14191,17563,3142,873,4975,-290,182,NA,NA,NA,NA,259,1368,-2099,NA,NA,NA,NA,NA,NA,NA,NA,NA,NA,NA,NA
2012,213111,3738,0.246309963099631,1294,0.0852662098049552,Drilling oil and gas wells,4,15176,17518,47564,32694,8906,548,8063,47560,NA,NA,NA,NA,47556,4,NA,NA,NA,NA,NA,NA,NA,NA,NA,NA,NA,NA,NA,NA
2012,21311A,10479,0.24716954429663177,3792,0.08944240022643646,Other support activities for mining,15862,42396,51100,127426,93496,27730,1768,21603,111564,NA,3778,NA,NA,105355,6,3416,-992,NA,NA,NA,NA,NA,NA,NA,NA,NA,NA,NA,NA
2012,221100,25917,0.18055342687157766,16680,0.11620292318624514,"Electric power generation, transmission, and distribution",265402,143542,223484,428923,367026,54469,49174,119841,163522,163246,NA,NA,NA,NA,NA,2375,-2099,NA,NA,NA,NA,NA,NA,NA,NA,NA,NA,NA,NA
2012,221200,314,0.009520344430295313,1933,0.05860772542598994,Natural gas distribution,49276,32982,48678,94052,81660,11273,8280,29125,44776,44286,NA,NA,NA,NA,NA,490,NA,NA,NA,NA,NA,NA,NA,NA,NA,NA,NA,NA,NA
2012,221300,405,0.09194097616345062,183,0.041543700340522134,"Water, sewage and other systems",33971,4405,8488,69511,12893,4018,1147,3322,35541,34918,NA,NA,NA,NA,NA,623,NA,NA,NA,NA,NA,NA,NA,NA,NA,NA,NA,NA,NA
2012,230301,52185,0.5234780166317247,8463,0.08489402040345474,Nonresidential maintenance and repair,176807,99689,75589,176889,175278,42481,1482,31626,83,NA,NA,NA,NA,NA,NA,83,NA,NA,NA,NA,NA,NA,NA,NA,NA,NA,NA,NA,NA
2012,230302,18943,0.4769013871755495,3536,0.08902092092344101,Residential maintenance and repair,73287,39721,28518,73303,68239,15947,610,11961,16,NA,NA,NA,NA,NA,NA,16,NA,NA,NA,NA,NA,NA,NA,NA,NA,NA,NA,NA,NA
2012,233210,9900,0.5949519230769231,4075,0.24489182692307693,Health care structures,NA,16640,26347,45246,42986,18596,252,7498,45246,NA,NA,NA,NA,35375,NA,NA,NA,NA,NA,NA,131,NA,NA,NA,2712,NA,NA,NA,7027
2012,233230,9104,0.5820227592379491,2354,0.15049226441631505,Manufacturing structures,NA,15642,20760,47855,36402,17414,214,3132,47855,NA,NA,NA,NA,46774,NA,NA,NA,NA,NA,NA,2,NA,NA,NA,1078,NA,NA,NA,1
2012,233240,15798,0.4689642888948259,3140,0.0932110309614985,Power and communication structures,NA,33687,59081,112352,92767,34440,541,24100,112352,NA,NA,NA,NA,102355,NA,NA,NA,NA,NA,NA,584,NA,NA,NA,288,NA,NA,NA,9126
2012,233262,16165,0.5960325946683381,6695,0.24685667932598357,Educational and vocational structures,NA,27121,39702,80168,66823,26648,392,12661,80168,NA,NA,NA,NA,16189,NA,NA,NA,NA,NA,NA,615,NA,NA,NA,1354,NA,NA,NA,62010
2012,2332A0,29726,0.6388566516226091,3582,0.0769825918762089,Office and commercial structures,NA,46530,40618,94210,87148,34228,424,5966,94210,NA,NA,NA,NA,68144,NA,NA,NA,NA,NA,NA,1322,NA,NA,NA,2923,NA,NA,NA,21821
2012,2332C0,30509,0.5911909467891331,3499,0.06780219354338643,Transportation structures and highways and streets,NA,51606,59789,119335,111395,39756,656,19376,119335,NA,NA,NA,NA,10916,NA,NA,NA,NA,NA,NA,535,NA,NA,NA,2071,NA,NA,NA,105813
2012,2332D0,23655,0.5432935231970601,3174,0.07289848415250344,Other nonresidential structures,NA,43540,37274,88778,80814,28259,493,8521,88778,NA,NA,NA,NA,33221,NA,NA,NA,NA,NA,NA,3753,NA,NA,NA,4417,NA,NA,NA,47387
2012,233411,23351,0.44872115144410923,3702,0.0711389534771998,Single-family residential structures,NA,52039,69995,132921,122034,57225,702,12068,132921,NA,NA,NA,132015,NA,NA,NA,NA,NA,NA,NA,157,NA,NA,NA,NA,NA,NA,NA,749
2012,233412,2299,0.4244046520214141,362,0.0668266568211187,Multifamily residential structures,NA,5417,20460,27492,25877,15373,150,4937,27492,NA,NA,NA,22510,NA,NA,NA,NA,NA,NA,NA,887,NA,NA,NA,NA,NA,NA,NA,4094
2012,2334A0,42719,0.4805124686456025,7131,0.08021101650113044,Other residential structures,5037,88903,76811,168182,165714,35539,1535,39737,163145,NA,NA,NA,159222,NA,NA,NA,NA,NA,NA,NA,121,NA,NA,NA,NA,NA,NA,NA,3802
2012,311111,9779,0.6652380952380952,1027,0.06986394557823129,Dog and cat food manufacturing,4157,14700,5387,18977,20087,1740,407,3240,14820,14238,NA,NA,NA,NA,181,1131,-730,NA,NA,NA,NA,NA,NA,NA,NA,NA,NA,NA,NA
2012,311119,12673,0.403303312860007,1575,0.050122521719759415,Other animal food manufacturing,33197,31423,3971,37115,35393,1727,426,1818,3918,2101,NA,NA,NA,NA,282,2080,-545,NA,NA,NA,NA,NA,NA,NA,NA,NA,NA,NA,NA
2012,311210,1551,0.0915098235884123,768,0.045312407811670306,Flour milling and malt manufacturing,14871,16949,3268,19562,20216,1735,136,1397,4691,4040,NA,NA,NA,NA,77,1933,-1358,NA,NA,NA,NA,NA,NA,NA,NA,NA,NA,NA,NA
2012,311221,523,0.05003348321056156,253,0.024203577920214294,Wet corn milling,13754,10453,2426,15466,12879,1601,86,738,1712,558,NA,NA,NA,NA,49,1978,-872,NA,NA,NA,NA,NA,NA,NA,NA,NA,NA,NA,NA
2012,311224,3337,0.09223582741369303,626,0.01730285524751928,Soybean and other oilseed processing,35415,36179,4228,36920,40408,990,251,2988,1505,1132,NA,NA,NA,NA,167,6882,-6677,NA,NA,NA,NA,NA,NA,NA,NA,NA,NA,NA,NA
2012,311225,9242,0.6301650075003409,674,0.045956634392472384,Fats and oils refining and blending,12081,14666,1858,18891,16524,528,112,1218,6810,6391,NA,NA,NA,NA,66,551,-197,NA,NA,NA,NA,NA,NA,NA,NA,NA,NA,NA,NA
2012,311230,5235,0.6713259810207746,395,0.050654013849705054,Breakfast cereal manufacturing,748,7798,3110,9640,10907,1344,66,1700,8892,8807,NA,NA,NA,NA,55,583,-553,NA,NA,NA,NA,NA,NA,NA,NA,NA,NA,NA,NA
2012,311300,13838,0.5416682976474733,4366,0.17090069284064666,Sugar and confectionery product manufacturing,17033,25547,7442,34004,32988,3924,228,3289,16970,21796,NA,NA,NA,NA,223,2256,-7304,NA,NA,NA,NA,NA,NA,NA,NA,NA,NA,NA,NA
2012,311410,10362,0.4582522554395896,1662,0.07350079603750222,Frozen food manufacturing,6852,22612,7727,30336,30339,4829,199,2699,23485,24613,NA,NA,NA,NA,220,1629,-2977,NA,NA,NA,NA,NA,NA,NA,NA,NA,NA,NA,NA
2012,311420,15561,0.6207267940484263,2753,0.10981690534125813,"Fruit and vegetable canning, pickling, and drying",16893,25069,8073,38155,33142,4781,226,3066,21262,23522,NA,NA,NA,NA,399,3583,-6243,NA,NA,NA,NA,NA,NA,NA,NA,NA,NA,NA,NA
2012,311513,13947,0.3844372777639957,1028,0.028335951928112682,Cheese manufacturing,23615,36279,4578,37410,40857,2291,289,1998,13795,13532,NA,NA,NA,NA,164,1325,-1226,NA,NA,NA,NA,NA,NA,NA,NA,NA,NA,NA,NA
2012,311514,8581,0.41829969776737835,1504,0.07331578434240031,"Dry, condensed, and evaporated dairy product manufacturing",10016,20514,5252,20096,25766,2053,189,3009,10080,7974,NA,NA,NA,NA,102,3000,-997,NA,NA,NA,NA,NA,NA,NA,NA,NA,NA,NA,NA
2012,31151A,8963,0.29019620540050506,1053,0.03409311662241792,Fluid milk and butter manufacturing,14733,30886,6896,37594,37782,3859,374,2663,22861,22570,NA,NA,NA,NA,129,578,-415,NA,NA,NA,NA,NA,NA,NA,NA,NA,NA,NA,NA
2012,311520,3145,0.5980224377258034,365,0.06940482981555429,Ice cream and frozen dessert manufacturing,5250,5259,1566,7228,6825,1041,62,462,1977,1832,NA,NA,NA,NA,34,190,-79,NA,NA,NA,NA,NA,NA,NA,NA,NA,NA,NA,NA
2012,311615,11912,0.2584620725568478,728,0.015795868772782502,Poultry processing,21547,46088,11812,57871,57900,7601,372,3839,36324,31685,NA,NA,NA,NA,144,4841,-347,NA,NA,NA,NA,NA,NA,NA,NA,NA,NA,NA,NA
2012,31161A,29177,0.23674943200259657,4959,0.040238558909444985,"Animal (except poultry) slaughtering, rendering, and processing",67645,123240,17474,140595,140713,10216,942,6315,72950,64784,NA,NA,NA,NA,460,14350,-6645,NA,NA,NA,NA,NA,NA,NA,NA,NA,NA,NA,NA
2012,311700,1831,0.20823382235869442,4199,0.4775389514386444,Seafood product preparation and packaging,8946,8793,1919,10552,10713,1272,80,568,1606,5231,NA,NA,NA,NA,61,445,-4131,NA,NA,NA,NA,NA,NA,NA,NA,NA,NA,NA,NA
2012,311810,13115,0.5523035458603555,2245,0.09454223869283247,Bread and bakery product manufacturing,7911,23746,13250,46391,36996,10387,302,2561,38480,39959,NA,NA,NA,NA,250,1334,-3063,NA,NA,NA,NA,NA,NA,NA,NA,NA,NA,NA,NA
2012,3118A0,12480,0.6412825651302605,1289,0.06623503417090591,"Cookie, cracker, pasta, and tortilla manufacturing",3277,19461,7707,26392,27168,4297,231,3178,23115,23191,NA,NA,NA,NA,150,544,-770,NA,NA,NA,NA,NA,NA,NA,NA,NA,NA,NA,NA
2012,311910,9750,0.4311869803644083,1552,0.06863612241287811,Snack food manufacturing,5308,22612,8243,32307,30856,2696,266,5281,27000,24880,NA,NA,NA,NA,172,3953,-2005,NA,NA,NA,NA,NA,NA,NA,NA,NA,NA,NA,NA
2012,311920,3065,0.29442843419788667,4502,0.4324687800192123,Coffee and tea manufacturing,6720,10410,2631,12629,13041,922,97,1612,5909,6471,NA,NA,NA,NA,75,1232,-1868,NA,NA,NA,NA,NA,NA,NA,NA,NA,NA,NA,NA
2012,311930,2814,0.5675675675675675,967,0.19503832190399353,Flavoring syrup and concentrate manufacturing,12147,4958,3823,9550,8781,1876,59,1889,-2597,192,NA,NA,NA,NA,27,535,-3352,NA,NA,NA,NA,NA,NA,NA,NA,NA,NA,NA,NA
2012,311940,7952,0.5544167886774036,1862,0.12981942410932162,Seasoning and dressing manufacturing,9657,14343,4594,19348,18937,2014,146,2434,9691,10595,NA,NA,NA,NA,115,996,-2016,NA,NA,NA,NA,NA,NA,NA,NA,NA,NA,NA,NA
2012,311990,4884,0.286115992970123,4008,0.23479789103690685,All other food manufacturing,7177,17070,4907,23267,21978,3088,153,1666,16090,18100,NA,NA,NA,NA,156,3946,-6112,NA,NA,NA,NA,NA,NA,NA,NA,NA,NA,NA,NA
2012,312110,25399,0.7218495992724379,7574,0.21525606775422043,Soft drink and ice manufacturing,6339,35186,10682,45023,45868,6830,491,3361,38684,39959,NA,NA,NA,NA,265,1018,-2558,NA,NA,NA,NA,NA,NA,NA,NA,NA,NA,NA,NA
2012,312120,11466,0.6247820401046208,1240,0.06756756756756757,Breweries,8955,18352,12911,31043,31263,3205,3188,6519,22088,25407,NA,NA,NA,NA,123,409,-3852,NA,NA,NA,NA,NA,NA,NA,NA,NA,NA,NA,NA
2012,312130,3474,0.3213691026827012,1510,0.1396854764107308,Wineries,4949,10810,5742,16195,16552,2646,812,2284,11247,15763,NA,NA,NA,NA,736,955,-6208,NA,NA,NA,NA,NA,NA,NA,NA,NA,NA,NA,NA
2012,312140,3413,0.49513999709850576,480,0.06963586246917162,Distilleries,13236,6893,7627,19488,14520,886,3850,2890,6252,10845,NA,NA,NA,NA,207,929,-5729,NA,NA,NA,NA,NA,NA,NA,NA,NA,NA,NA,NA
2012,312200,8692,0.5599433099272048,1720,0.11080332409972299,Tobacco manufacturing,6527,15523,40952,56644,56476,1510,17019,22423,50117,50163,NA,NA,NA,NA,142,1379,-1567,NA,NA,NA,NA,NA,NA,NA,NA,NA,NA,NA,NA
2012,313100,2775,0.4564895542029939,696,0.11449251521631848,"Fiber, yarn, and thread mills",3592,6079,1648,4829,7727,1140,87,421,1237,295,NA,NA,NA,NA,5,1694,-757,NA,NA,NA,NA,NA,NA,NA,NA,NA,NA,NA,NA
2012,313200,6579,0.6607411871045495,1328,0.13337350607612736,Fabric mills,12669,9957,4855,11808,14812,2972,169,1714,-861,1511,27,NA,NA,NA,68,3064,-5530,NA,NA,NA,NA,NA,NA,NA,NA,NA,NA,NA,NA
2012,313300,3505,0.6557530402245089,1160,0.21702525724976612,Textile and fabric finishing and fabric coating mills,8670,5345,2072,9018,7418,1886,85,101,349,562,NA,NA,NA,NA,29,910,-1153,NA,NA,NA,NA,NA,NA,NA,NA,NA,NA,NA,NA
2012,314110,5016,0.7910424223308626,959,0.15123797508279452,Carpet and rug mills,2525,6341,2733,9109,9074,1768,108,857,6584,6364,1122,NA,299,NA,163,741,-2124,NA,NA,NA,NA,NA,4,NA,NA,NA,16,NA,NA
2012,314120,1557,0.6407407407407407,564,0.23209876543209876,Curtain and linen mills,4975,2430,1208,3754,3639,801,43,364,-1221,9062,NA,NA,NA,NA,219,657,-11159,NA,NA,NA,NA,NA,NA,NA,NA,NA,NA,NA,NA
2012,314900,3801,0.6689545934530094,922,0.1622668074621612,Other textile product mills,10381,5682,3451,10498,9132,2590,105,756,117,4596,NA,NA,NA,NA,153,2124,-6796,NA,NA,NA,NA,NA,40,NA,NA,NA,NA,NA,NA
2012,315000,2478,0.4843627834245504,1033,0.20191555903049258,Apparel manufacturing,7173,5116,7121,12884,12238,6236,184,701,5710,97182,NA,NA,NA,NA,122,2722,-94315,NA,NA,NA,NA,NA,NA,NA,NA,NA,NA,NA,NA
2012,316000,2368,0.574757281553398,1123,0.2725728155339806,Leather and allied product manufacturing,7281,4120,2885,6922,7005,1931,101,854,-359,37897,NA,NA,NA,NA,261,2007,-40524,NA,NA,NA,NA,NA,NA,NA,NA,NA,NA,NA,NA
2012,321100,5043,0.30053635280095353,1088,0.06483909415971395,Sawmills and wood preservation,27246,16780,6620,25833,23400,4345,189,2086,-1413,NA,NA,NA,NA,NA,299,2597,-4309,NA,NA,NA,NA,NA,NA,NA,NA,NA,NA,NA,NA
2012,321200,6413,0.5480259784652196,1258,0.10750299094171936,"Veneer, plywood, and engineered wood product manufacturing",19971,11702,5437,16800,17139,3526,136,1775,-3172,NA,NA,NA,NA,NA,177,1195,-4543,NA,NA,NA,NA,NA,NA,NA,NA,NA,NA,NA,NA
2012,321910,7720,0.5696996531621282,1674,0.12353331857427496,Millwork,18518,13551,7021,17247,20572,4656,175,2190,-1271,NA,NA,NA,NA,NA,105,438,-1814,NA,NA,NA,NA,NA,NA,NA,NA,NA,NA,NA,NA
2012,3219A0,7490,0.5969554475173349,1732,0.13804096596796048,All other wood product manufacturing,12637,12547,6741,18784,19288,4129,161,2450,6147,5008,NA,NA,2772,273,238,715,-2954,NA,NA,NA,NA,NA,96,NA,NA,NA,NA,NA,NA
2012,322110,2092,0.48515769944341375,493,0.11433209647495361,Pulp mills,5412,4312,1698,7547,6010,645,55,997,2135,NA,NA,NA,NA,NA,8,5131,-3005,NA,NA,NA,NA,NA,NA,NA,NA,NA,NA,NA,NA
2012,322120,18445,0.5844423320659062,5651,0.17905576679340937,Paper mills,36501,31560,15494,47757,47054,6973,432,8089,11256,9912,NA,NA,NA,NA,205,8872,-7732,NA,NA,NA,NA,NA,NA,NA,NA,NA,NA,NA,NA
2012,322130,8213,0.42159026744006983,2573,0.13207740875725066,Paperboard mills,29909,19481,8896,27984,28378,3019,267,5610,-1926,NA,NA,NA,NA,NA,137,172,-2234,NA,NA,NA,NA,NA,NA,NA,NA,NA,NA,NA,NA
2012,322210,28918,0.7266194281119654,4529,0.1137996884265541,Paperboard container manufacturing,50534,39798,12994,51599,52792,9959,533,2503,1065,521,NA,NA,NA,NA,160,1942,-1558,NA,NA,NA,NA,NA,NA,NA,NA,NA,NA,NA,NA
2012,322220,11220,0.7620211898940505,1973,0.13399891333876665,Paper bag and coated and treated paper manufacturing,18925,14724,6335,19233,21059,4055,206,2074,308,1103,NA,NA,NA,NA,115,3706,-4615,NA,NA,NA,NA,NA,NA,NA,NA,NA,NA,NA,NA
2012,322230,3268,0.6457221892906541,580,0.11460185734044655,Stationery product manufacturing,6162,5061,1711,7150,6772,1226,70,415,988,759,NA,NA,NA,NA,30,787,-587,NA,NA,NA,NA,NA,NA,NA,NA,NA,NA,NA,NA
2012,322291,5591,0.7228183581124757,987,0.12760180995475112,Sanitary paper product manufacturing,3055,7735,4379,10588,12114,2324,118,1938,7534,7699,NA,NA,NA,NA,13,692,-870,NA,NA,NA,NA,NA,NA,NA,NA,NA,NA,NA,NA
2012,322299,1960,0.574611550864849,444,0.13016710642040458,All other converted paper product manufacturing,5208,3411,1647,5138,5058,923,54,670,-69,510,NA,NA,NA,NA,13,240,-832,NA,NA,NA,NA,NA,NA,NA,NA,NA,NA,NA,NA
2012,323110,24260,0.5624072700296736,5638,0.1307028931750742,Printing,56993,43136,36055,62991,79191,23934,749,11372,5997,6224,NA,NA,NA,NA,16,2204,-2447,NA,NA,NA,NA,NA,NA,NA,NA,NA,NA,NA,NA
2012,323120,565,0.37566489361702127,127,0.08444148936170212,Support activities for printing,4643,1504,2386,4608,3891,1637,36,713,-35,NA,NA,NA,NA,NA,-96,75,-14,NA,NA,NA,NA,NA,NA,NA,NA,NA,NA,NA,NA
2012,324110,37415,0.05840016482847537,327735,0.5115536020328846,Petroleum refineries,449057,640666,143738,753686,784404,14140,2696,126901,304629,283850,NA,NA,NA,NA,4088,116157,-99466,NA,NA,NA,NA,NA,NA,NA,NA,NA,NA,NA,NA
2012,324121,6879,0.6666989726691219,864,0.08373715836402404,Asphalt paving mixture and block manufacturing,12912,10318,2924,13029,13242,1045,49,1830,118,NA,NA,NA,NA,NA,13,147,-42,NA,NA,NA,NA,NA,NA,NA,NA,NA,NA,NA,NA
2012,324122,4553,0.6970300061236987,683,0.10456215554194734,Asphalt shingle and coating materials manufacturing,10138,6532,4040,10277,10573,1046,40,2954,140,NA,NA,NA,NA,NA,13,404,-277,NA,NA,NA,NA,NA,NA,NA,NA,NA,NA,NA,NA
2012,324190,11510,0.6966890624054234,2795,0.16917862114884086,Other petroleum and coal products manufacturing,26613,16521,8436,34875,24957,1726,87,6623,8262,6757,NA,NA,NA,NA,245,1705,-444,NA,NA,NA,NA,NA,NA,NA,NA,NA,NA,NA,NA
2012,325110,39604,0.7362022492796728,5818,0.10815131517799052,Petrochemical manufacturing,106464,53795,27331,104406,81126,5622,1214,20494,-2058,NA,NA,NA,NA,NA,182,8191,-10431,NA,NA,NA,NA,NA,NA,NA,NA,NA,NA,NA,NA
2012,325120,1228,0.31191262382524765,323,0.08204216408432817,Industrial gas manufacturing,6877,3937,3023,7262,6961,2511,121,391,385,31,NA,NA,NA,NA,45,490,-180,NA,NA,NA,NA,NA,NA,NA,NA,NA,NA,NA,NA
2012,325130,1847,0.33983440662373504,962,0.17700091996320147,Synthetic dye and pigment manufacturing,8491,5435,3798,8860,9232,1843,132,1822,369,NA,NA,NA,NA,NA,14,2899,-2544,NA,NA,NA,NA,NA,NA,NA,NA,NA,NA,NA,NA
2012,325180,9994,0.5037298387096775,3056,0.15403225806451612,Other basic inorganic chemical manufacturing,34568,19840,14893,37801,34733,5318,507,9068,3233,100,3076,NA,NA,NA,95,11341,-11379,NA,NA,NA,NA,NA,NA,NA,NA,NA,NA,NA,NA
2012,325190,58838,0.5315037804536544,9453,0.08539218254577646,Other basic organic chemical manufacturing,125079,110701,29742,131288,140444,7250,2076,20416,6209,1052,NA,NA,NA,NA,417,33031,-28291,NA,NA,NA,NA,NA,NA,NA,NA,NA,NA,NA,NA
2012,325211,58484,0.7987544216665073,10284,0.14045534628989742,Plastics material and resin manufacturing,72064,73219,18085,86734,91304,5510,1319,11256,14670,NA,NA,NA,NA,NA,281,27025,-12636,NA,NA,NA,NA,NA,NA,NA,NA,NA,NA,NA,NA
2012,3252A0,10462,0.7620920745920746,1780,0.12966200466200467,Synthetic rubber and artificial and synthetic fibers and filaments manufacturing,21532,13728,4410,23173,18138,2909,267,1234,1642,NA,NA,NA,NA,NA,-10,6671,-5018,NA,NA,NA,NA,NA,NA,NA,NA,NA,NA,NA,NA
2012,325310,7634,0.4716713005869632,2792,0.172505406240346,Fertilizer manufacturing,33257,16185,10046,26522,26231,1700,374,7971,-6735,1552,NA,NA,NA,NA,245,3902,-12434,NA,NA,NA,NA,NA,NA,NA,NA,NA,NA,NA,NA
2012,325320,7632,0.7724696356275303,2374,0.2402834008097166,Pesticide and other agricultural chemical manufacturing,11273,9880,5168,14948,15048,1162,216,3790,3675,2349,NA,NA,NA,NA,132,2454,-1259,NA,NA,NA,NA,NA,NA,NA,NA,NA,NA,NA,NA
2012,325411,3122,0.43688776938147217,1391,0.19465435208508255,Medicinal and botanical manufacturing,12202,7146,7628,12190,14774,2886,209,4534,-12,NA,NA,NA,NA,NA,30,50,-92,NA,NA,NA,NA,NA,NA,NA,NA,NA,NA,NA,NA
2012,325412,27117,0.4487117965350057,9797,0.16211341485612166,Pharmaceutical preparation manufacturing,10429,60433,89065,120570,149498,30088,4937,54040,110141,176826,NA,NA,NA,NA,33,28263,-94981,NA,NA,NA,NA,NA,NA,NA,NA,NA,NA,NA,NA
2012,325413,3178,0.4796981132075472,648,0.09781132075471698,In-vitro diagnostic substance manufacturing,11780,6625,8096,11801,14721,2826,209,5061,21,NA,NA,NA,NA,NA,-16,75,-38,NA,NA,NA,NA,NA,NA,NA,NA,NA,NA,NA,NA
2012,325414,5364,0.5694872067098418,2576,0.27348975475103515,Biological product (except diagnostic) manufacturing,32180,9419,19200,24190,28619,3529,421,15249,-7990,NA,NA,NA,NA,NA,101,4868,-12959,NA,NA,NA,NA,NA,NA,NA,NA,NA,NA,NA,NA
2012,325510,11361,0.7121544537077665,3263,0.20453833134833574,Paint and coating manufacturing,19982,15953,8059,23399,24012,2776,363,4920,3417,1935,NA,NA,NA,NA,165,2308,-991,NA,NA,NA,NA,NA,NA,NA,NA,NA,NA,NA,NA
2012,325520,5714,0.714875516076567,1751,0.21906668334792945,Adhesive manufacturing,9462,7993,4067,11768,12060,1521,182,2364,2306,965,NA,NA,NA,NA,22,1800,-481,NA,NA,NA,NA,NA,NA,NA,NA,NA,NA,NA,NA
2012,325610,19550,0.7541856338245506,3777,0.14570634981868683,Soap and cleaning compound manufacturing,21266,25922,19815,46094,45737,3668,694,15453,24828,21327,NA,NA,NA,NA,71,6441,-3011,NA,NA,NA,NA,NA,NA,NA,NA,NA,NA,NA,NA
2012,325620,10401,0.5907980687304742,2931,0.16648679352456688,Toilet preparation manufacturing,1624,17605,18149,31497,35754,2779,687,14683,29873,29301,NA,NA,NA,NA,-15,6714,-6126,NA,NA,NA,NA,NA,NA,NA,NA,NA,NA,NA,NA
2012,325910,2717,0.7397222978491697,596,0.16226517832834195,Printing ink manufacturing,4154,3673,1223,5100,4896,579,73,571,946,NA,NA,NA,NA,NA,22,927,-3,NA,NA,NA,NA,NA,NA,NA,NA,NA,NA,NA,NA
2012,3259A0,18729,0.67942392802728,5204,0.1887832837553508,All other chemical product and preparation manufacturing,33686,27566,13175,38671,40741,5185,624,7365,4985,2173,NA,NA,NA,NA,197,7764,-5150,NA,NA,NA,NA,NA,NA,NA,NA,NA,NA,NA,NA
2012,326110,20731,0.7302990805650473,3939,0.13876070032056928,Plastics packaging materials and unlaminated film and sheet manufacturing,38325,28387,11007,40306,39394,5351,266,5390,1981,1502,NA,NA,NA,NA,344,4140,-4005,NA,NA,NA,NA,NA,NA,NA,NA,NA,NA,NA,NA
2012,326120,7314,0.7355928794126522,1352,0.13597505782962888,"Plastics pipe, pipe fitting, and unlaminated profile shape manufacturing",14446,9943,5440,15138,15384,3270,101,2069,692,NA,NA,NA,NA,NA,79,1419,-806,NA,NA,NA,NA,NA,NA,NA,NA,NA,NA,NA,NA
2012,326130,1621,0.753953488372093,270,0.12558139534883722,"Laminated plastics plate, sheet (except packaging), and shape manufacturing",3559,2150,1392,3612,3543,951,24,418,53,NA,NA,NA,NA,NA,43,11,NA,NA,NA,NA,NA,NA,NA,NA,NA,NA,NA,NA,NA
2012,326140,3806,0.6546267629858961,751,0.12917096663226693,Polystyrene foam product manufacturing,7008,5814,2486,7756,8300,1389,60,1036,748,668,1,NA,NA,NA,76,4,NA,NA,NA,NA,NA,NA,NA,NA,NA,NA,NA,NA,NA
2012,326150,4613,0.6770879201526493,1124,0.1649787171583737,Urethane and other foam product (except polystyrene) manufacturing,8147,6813,2620,9169,9433,1711,64,845,1022,871,35,NA,9,NA,100,7,NA,NA,NA,NA,NA,NA,NA,NA,NA,NA,NA,NA,NA
2012,326160,6684,0.7380742049469965,1736,0.19169611307420495,Plastics bottle manufacturing,12556,9056,3280,12350,12337,1742,79,1459,-206,NA,NA,NA,NA,NA,93,591,-890,NA,NA,NA,NA,NA,NA,NA,NA,NA,NA,NA,NA
2012,326190,37709,0.6794414414414415,7089,0.12772972972972974,Other plastics product manufacturing,76887,55500,28100,83454,83600,15663,565,11872,6567,13595,NA,NA,NA,NA,814,10514,-18357,NA,NA,NA,NA,NA,NA,NA,NA,NA,NA,NA,NA
2012,326210,9829,0.647027845434797,3836,0.2525179382529129,Tire manufacturing,16308,15191,5903,19821,21095,4230,209,1465,3512,13417,NA,NA,NA,NA,569,4676,-15149,NA,NA,NA,NA,NA,NA,NA,NA,NA,NA,NA,NA
2012,326220,2351,0.6982476982476983,1097,0.3258093258093258,Rubber and plastics hoses and belting manufacturing,5693,3367,1921,5267,5288,1547,36,338,-426,538,NA,NA,NA,NA,98,1731,-2794,NA,NA,NA,NA,NA,NA,NA,NA,NA,NA,NA,NA
2012,326290,8881,0.7076494023904383,2159,0.17203187250996016,Other rubber product manufacturing,16412,12550,5561,17112,18112,3185,129,2247,700,1734,127,NA,12,NA,208,2008,-3416,NA,NA,NA,NA,NA,27,NA,NA,NA,NA,NA,NA
2012,327100,1297,0.34113624408206206,315,0.08285113098369279,Clay product and refractory manufacturing,9768,3802,3437,7093,7239,2236,105,1096,-2675,2024,NA,NA,NA,NA,85,1395,-6179,NA,NA,NA,NA,NA,NA,NA,NA,NA,NA,NA,NA
2012,327200,6218,0.4662217890080228,1359,0.10189697833095898,Glass and glass product manufacturing,20822,13337,10245,22945,23582,5969,294,3982,2123,4473,NA,NA,NA,NA,303,3724,-6377,NA,NA,NA,NA,NA,NA,NA,NA,NA,NA,NA,NA
2012,327310,641,0.1867171570055345,126,0.03670259248470725,Cement manufacturing,5999,3433,2472,5681,5904,1082,76,1313,-318,NA,NA,NA,NA,NA,74,180,-571,NA,NA,NA,NA,NA,NA,NA,NA,NA,NA,NA,NA
2012,327320,4775,0.3500733137829912,824,0.06041055718475073,Ready-mix concrete manufacturing,19606,13640,7112,19809,20751,5156,259,1697,203,NA,NA,NA,NA,NA,143,60,0,NA,NA,NA,NA,NA,NA,NA,NA,NA,NA,NA,NA
2012,327330,971,0.30544196288140923,182,0.05725070776973891,"Concrete pipe, brick, and block manufacturing",5222,3179,2489,5296,5668,1307,87,1095,75,NA,NA,NA,NA,NA,52,55,-32,NA,NA,NA,NA,NA,NA,NA,NA,NA,NA,NA,NA
2012,327390,2353,0.4844554251595635,357,0.07350216182828907,Other concrete product manufacturing,9044,4857,3794,8321,8650,2520,113,1160,-723,24,NA,NA,NA,NA,36,196,-979,NA,NA,NA,NA,NA,NA,NA,NA,NA,NA,NA,NA
2012,327400,1115,0.33145065398335316,317,0.09423305588585018,Lime and gypsum product manufacturing,5735,3364,2607,5901,5971,1092,77,1437,167,16,NA,NA,NA,NA,46,219,-114,NA,NA,NA,NA,NA,NA,NA,NA,NA,NA,NA,NA
2012,327910,1024,0.49468599033816424,388,0.18743961352657004,Abrasive product manufacturing,5196,2070,3228,4738,5298,763,72,2393,-459,251,NA,NA,NA,NA,72,1200,-1982,NA,NA,NA,NA,NA,NA,NA,NA,NA,NA,NA,NA
2012,327991,1167,0.46980676328502413,302,0.1215780998389694,Cut stone and stone product manufacturing,2980,2484,1156,3522,3640,572,47,537,542,3050,NA,NA,NA,NA,29,76,-2614,NA,NA,NA,NA,NA,NA,NA,NA,NA,NA,NA,NA
2012,327992,518,0.2877777777777778,181,0.10055555555555555,Ground or treated mineral and earth manufacturing,2848,1800,1763,3251,3564,704,44,1016,403,606,NA,NA,NA,NA,31,210,-444,NA,NA,NA,NA,NA,NA,NA,NA,NA,NA,NA,NA
2012,327993,1270,0.49823460180462925,341,0.13377795213809338,Mineral wool manufacturing,4602,2549,2365,4838,4914,1212,62,1091,236,NA,NA,NA,NA,NA,35,767,-566,NA,NA,NA,NA,NA,NA,NA,NA,NA,NA,NA,NA
2012,327999,1035,0.501453488372093,112,0.05426356589147287,Miscellaneous nonmetallic mineral products,3962,2064,2047,3930,4111,766,54,1227,-32,NA,NA,NA,NA,NA,27,468,-527,NA,NA,NA,NA,NA,NA,NA,NA,NA,NA,NA,NA
2012,331110,32952,0.3642070825412264,15097,0.1668619302356426,Iron and steel mills and ferroalloy manufacturing,148599,90476,22477,126872,112953,7853,957,13667,-21727,NA,NA,NA,NA,NA,1860,15051,-38638,NA,NA,NA,NA,NA,NA,NA,NA,NA,NA,NA,NA
2012,331200,12990,0.6982369382928403,4524,0.24317351107288754,Steel product manufacturing from purchased steel,12253,18604,7289,9492,25894,4321,232,2737,-2761,321,NA,NA,NA,NA,200,891,-4174,NA,NA,NA,NA,NA,NA,NA,NA,NA,NA,NA,NA
2012,331313,2156,0.4288840262582057,669,0.13308136065247664,Alumina refining and primary aluminum production,17861,5027,1484,12388,6511,994,55,435,-5473,NA,NA,NA,NA,NA,176,933,-6582,NA,NA,NA,NA,NA,NA,NA,NA,NA,NA,NA,NA
2012,331314,1333,0.2646416517768513,1430,0.2838991463172523,NA,NA,5037,744,NA,5780,325,52,367,NA,NA,NA,NA,NA,NA,NA,NA,NA,NA,NA,NA,NA,NA,NA,NA,NA,NA,NA,NA,NA
2012,33131B,13997,0.7154833103307263,5150,0.2632520574554005,Aluminum product manufacturing from purchased aluminum,24006,19563,5795,24670,25358,3384,220,2191,664,NA,NA,NA,NA,NA,295,4670,-4301,NA,NA,NA,NA,NA,NA,NA,NA,NA,NA,NA,NA
2012,331410,5996,0.6564484344208452,2796,0.30610904313553755,Nonferrous metal (except aluminum) smelting and refining,42373,9134,5725,26525,14859,1173,146,4406,-15848,NA,NA,NA,NA,NA,371,5409,-21627,NA,NA,NA,NA,NA,NA,NA,NA,NA,NA,NA,NA
2012,331420,15614,0.7713283604208863,6013,0.2970409524279998,"Copper rolling, drawing, extruding and alloying",22374,20243,3087,21721,23330,2473,201,413,-653,NA,NA,NA,NA,NA,267,2973,-3893,NA,NA,NA,NA,NA,NA,NA,NA,NA,NA,NA,NA
2012,331490,10689,0.619831835314584,5530,0.32067265874166423,"Nonferrous metal (except copper and aluminum) rolling, drawing, extruding and alloying",11402,17245,5554,12646,22798,2129,199,3225,1244,113,NA,NA,NA,NA,186,4602,-3657,NA,NA,NA,NA,NA,NA,NA,NA,NA,NA,NA,NA
2012,331510,3987,0.386674425370963,1504,0.14586364077199107,Ferrous metal foundries,18453,10311,8590,18823,18902,5184,176,3231,369,NA,NA,NA,NA,NA,286,1170,-1087,NA,NA,NA,NA,NA,NA,NA,NA,NA,NA,NA,NA
2012,331520,4051,0.5182294998081105,1325,0.1695023666368172,Nonferrous metal foundries,12340,7817,5017,12571,12834,3384,113,1520,231,85,NA,NA,NA,NA,184,64,-101,NA,NA,NA,NA,NA,NA,NA,NA,NA,NA,NA,NA
2012,332114,5006,0.7852549019607843,769,0.12062745098039215,Custom roll forming,8082,6375,1967,8229,8342,398,63,1507,147,NA,NA,NA,NA,NA,112,35,NA,NA,NA,NA,NA,NA,NA,NA,NA,NA,NA,NA,NA
2012,332119,5594,0.7413199045852107,1230,0.16300026504108137,"Metal crown, closure, and other metal stamping (except automotive)",10499,7546,4366,11487,11913,3056,90,1220,988,838,NA,NA,NA,NA,129,518,-497,NA,NA,NA,NA,NA,NA,NA,NA,NA,NA,NA,NA
2012,33211A,6672,0.699517718599287,1057,0.11081987838121199,"All other forging, stamping, and sintering",14961,9538,4779,15190,14316,3204,108,1467,229,NA,NA,NA,NA,NA,214,15,NA,NA,NA,NA,NA,NA,NA,NA,NA,NA,NA,NA,NA
2012,332200,2892,0.5898429532939017,654,0.13338772180297778,Cutlery and handtool manufacturing,8119,4903,4850,9265,9753,3207,88,1555,1146,5778,132,NA,NA,NA,291,1652,-6726,NA,4,NA,NA,NA,4,NA,NA,NA,11,NA,NA
2012,332310,18603,0.7055142597087378,3869,0.1467308859223301,Plate work and fabricated structural product manufacturing,38231,26368,13976,37618,40344,10291,335,3349,-613,62,304,NA,NA,NA,394,1995,-3371,NA,NA,NA,NA,NA,2,NA,NA,NA,NA,NA,NA
2012,332320,14226,0.6463132070328472,2684,0.12193903048475763,Ornamental and architectural metal products manufacturing,34087,22011,14410,35002,36421,10894,299,3217,915,NA,523,NA,NA,NA,372,953,-934,NA,NA,NA,NA,NA,NA,NA,NA,NA,NA,NA,NA
2012,332410,2916,0.7241122423640427,450,0.11174571641420412,Power boiler and heat exchanger manufacturing,3463,4027,2985,6822,7012,2028,56,901,3360,NA,3107,NA,NA,NA,105,1578,-1519,NA,NA,NA,NA,NA,89,NA,NA,NA,NA,NA,NA
2012,332420,4258,0.7091938707528315,739,0.12308461025982678,Metal tank (heavy gauge) manufacturing,4455,6004,3402,8956,9406,2124,73,1205,4501,NA,4440,NA,NA,NA,72,1213,-1225,NA,NA,NA,NA,NA,NA,NA,NA,NA,1,NA,NA
2012,332430,11077,0.8018096272167934,1693,0.12254795512124503,"Metal can, box, and other metal container (light gauge) manufacturing",17439,13815,5034,18170,18850,2818,147,2069,730,172,280,NA,NA,NA,161,818,-828,NA,9,NA,NA,NA,108,NA,NA,NA,11,NA,NA
2012,332500,2912,0.6333188342757721,899,0.19551979121357113,Hardware manufacturing,10882,4598,2718,7203,7317,1575,63,1080,-3679,622,158,NA,NA,NA,233,1520,-6213,NA,NA,NA,NA,NA,NA,NA,NA,NA,NA,NA,NA
2012,332600,3833,0.70524379024839,816,0.1501379944802208,Spring and wire product manufacturing,6385,5435,3011,5844,8446,2289,65,656,-541,99,NA,NA,NA,NA,101,786,-1527,NA,NA,NA,NA,NA,NA,NA,NA,NA,NA,NA,NA
2012,332710,11054,0.5548639694809758,2358,0.11836161028009236,Machine shops,38395,19922,19980,39926,39903,16705,306,2969,1532,NA,NA,NA,NA,NA,370,227,NA,NA,NA,NA,NA,NA,935,NA,NA,NA,NA,NA,NA
2012,332720,10796,0.6523262839879154,1971,0.11909365558912387,"Turned product and screw, nut, and bolt manufacturing",29494,16550,11473,27548,28023,4738,223,6512,-1946,51,NA,NA,NA,NA,445,2327,-4769,NA,NA,NA,NA,NA,NA,NA,NA,NA,NA,NA,NA
2012,332800,9448,0.6269825469506934,2368,0.15714380516291726,"Coating, engraving, heat treating and allied activities",27092,15069,12161,27309,27230,7389,209,4564,217,NA,NA,NA,NA,NA,102,115,NA,NA,NA,NA,NA,NA,NA,NA,NA,NA,NA,NA,NA
2012,332913,1541,0.7299857887257224,169,0.08005684509711038,Plumbing fixture fitting and trim manufacturing,3900,2111,1398,3207,3509,617,37,744,-693,NA,NA,NA,NA,NA,76,226,-995,NA,NA,NA,NA,NA,NA,NA,NA,NA,NA,NA,NA
2012,33291A,10425,0.6340469529254349,2384,0.14499452621335604,Valve and fittings other than plumbing,28603,16442,11973,25713,28416,6695,241,5037,-2890,NA,2502,NA,NA,NA,552,8272,-14622,NA,212,NA,NA,NA,4,NA,NA,NA,191,NA,NA
2012,332991,2427,0.646510388918487,788,0.20990942994139583,Ball and roller bearing manufacturing,8338,3754,3263,6790,7017,2205,54,1004,-1547,NA,NA,NA,NA,NA,103,1707,-3357,NA,NA,NA,NA,NA,NA,NA,NA,NA,NA,NA,NA
2012,332996,3673,0.7474562474562475,1046,0.21286121286121287,Fabricated pipe and pipe fitting manufacturing,6834,4914,3260,8068,8174,2120,66,1075,1234,NA,1080,NA,NA,NA,82,62,NA,NA,2,NA,NA,NA,0,NA,NA,NA,8,NA,NA
2012,332999,5874,0.6755606670500287,1207,0.13881541115583668,Other fabricated metal manufacturing,14228,8695,5863,14434,14559,4100,120,1644,206,1953,449,NA,NA,NA,218,5135,-8309,NA,6,NA,NA,NA,310,NA,NA,NA,444,NA,NA
2012,33299A,4982,0.7100912200684151,689,0.09820410490307868,"Ammunition, arms, ordnance, and accessories manufacturing",6134,7016,7113,13706,14129,3824,209,3081,7572,5859,NA,NA,NA,NA,222,2394,-2731,NA,1828,NA,NA,NA,NA,NA,NA,NA,NA,NA,NA
2012,333111,18077,0.7278547270091802,6089,0.24516830407473023,Farm machinery and equipment manufacturing,5097,24836,9948,34319,34784,4527,281,5140,29223,NA,29088,NA,NA,NA,689,8862,-9625,NA,1,NA,NA,NA,119,NA,NA,NA,89,NA,NA
2012,333112,4542,0.760549229738781,1547,0.25904219691895514,Lawn and garden equipment manufacturing,1186,5972,1751,7176,7724,809,63,880,5990,165,5441,NA,NA,NA,315,100,-76,NA,1,NA,NA,NA,1,NA,NA,NA,43,NA,NA
2012,333120,18134,0.7218949044585987,6828,0.27181528662420384,Construction machinery manufacturing,5688,25120,15150,38776,40270,7445,359,7347,33088,NA,27792,NA,NA,NA,1153,17943,-15061,NA,91,NA,NA,NA,1,NA,NA,NA,1169,NA,NA
2012,333130,14027,0.7082912542920622,3747,0.1892042011714805,Mining and oil and gas field machinery manufacturing,3944,19804,12989,31223,32793,9752,271,2966,27279,NA,21423,NA,NA,NA,501,8323,-2967,NA,NA,NA,NA,NA,NA,NA,NA,NA,NA,NA,NA
2012,333242,3873,0.6573319755600815,1123,0.19059742023082146,Semiconductor machinery manufacturing,1689,5892,4430,9988,10322,2548,82,1800,8299,NA,6389,NA,NA,NA,68,6583,-4741,NA,NA,NA,NA,NA,NA,NA,NA,NA,NA,NA,NA
2012,33329A,8527,0.6241399502269067,2076,0.15195432586736934,Other industrial machinery manufacturing,5278,13662,9127,20962,22788,5430,192,3504,15684,238,18026,NA,NA,NA,292,9486,-12548,NA,16,NA,NA,NA,29,NA,NA,NA,147,NA,NA
2012,333314,1202,0.4291324526954659,526,0.18779007497322384,Optical instrument and lens manufacturing,2119,2801,2645,5076,5446,2515,43,87,2957,102,4097,NA,NA,NA,77,2959,-4828,NA,506,NA,NA,NA,NA,NA,NA,NA,43,NA,NA
2012,333316,753,0.486748545572075,318,0.20555914673561732,Photographic and photocopying equipment manufacturing,124,1547,923,1848,2470,693,20,211,1724,628,980,NA,NA,NA,33,577,-524,NA,1,NA,NA,NA,0,NA,NA,NA,28,NA,NA
2012,333318,7497,0.675101305718145,1443,0.12994146780729401,Other commercial and service industry machinery manufacturing,7548,11105,8100,17210,19205,4652,160,3288,9662,481,12227,NA,NA,NA,390,1827,-6606,NA,165,NA,NA,NA,25,NA,NA,NA,1152,NA,NA
2012,333413,2513,0.6786389413988658,664,0.1793140696732379,Industrial and commercial fan and blower and air purification equipment manufacturing,3921,3703,2417,5908,6120,1654,52,712,1987,NA,2686,NA,NA,NA,82,1053,-1834,NA,NA,NA,NA,NA,NA,NA,NA,NA,0,NA,NA
2012,333414,1776,0.6126250431183167,342,0.11797171438427044,Heating equipment (except warm air furnaces) manufacturing,3564,2899,2058,4741,4957,1054,46,958,1178,1546,80,NA,NA,NA,82,416,-947,NA,NA,NA,NA,NA,NA,NA,NA,NA,0,NA,NA
2012,333415,12885,0.6890374331550803,3607,0.19288770053475937,"Air conditioning, refrigeration, and warm air heating equipment manufacturing",23632,18700,11772,29342,30473,5751,262,5760,5711,1603,7600,NA,NA,NA,496,4342,-8626,NA,214,NA,NA,NA,NA,NA,NA,NA,82,NA,NA
2012,333511,1861,0.5610491407898703,334,0.10069339764847754,Industrial mold manufacturing,1556,3317,3001,6507,6317,2518,51,432,4952,NA,5827,NA,NA,NA,64,712,-1651,NA,NA,NA,NA,NA,NA,NA,NA,NA,NA,NA,NA
2012,333514,1778,0.5397692774741955,403,0.12234365513054038,"Special tool, die, jig, and fixture manufacturing",1884,3294,4210,8313,7503,3994,60,156,6428,NA,7018,NA,NA,NA,87,470,-1147,NA,NA,NA,NA,NA,NA,NA,NA,NA,NA,NA,NA
2012,333517,3185,0.6204948373270992,1046,0.20377946619910384,Machine tool manufacturing,1729,5133,2984,7536,8117,2352,69,563,5806,22,9786,NA,NA,NA,115,2406,-7372,NA,7,NA,NA,NA,44,NA,NA,NA,796,NA,NA
2012,33351B,2959,0.5934616927396711,934,0.18732450862414762,"Cutting and machine tool accessory, rolling mill, and other metalworking machinery manufacturing",6324,4986,3703,8339,8690,2653,73,977,2015,NA,2587,NA,NA,NA,146,2138,-2856,NA,NA,NA,NA,NA,NA,NA,NA,NA,NA,NA,NA
2012,333611,8015,0.7261279217249502,2333,0.2113607537597391,Turbine and turbine generator set units manufacturing,3219,11038,6023,17954,17061,3133,136,2754,14735,NA,9959,NA,NA,NA,187,9446,-5138,NA,56,NA,NA,NA,142,NA,NA,NA,83,NA,NA
2012,333612,1533,0.5532298809094189,298,0.10754240346445326,"Speed changer, industrial high-speed drive, and gear manufacturing",6638,2771,2117,4527,4889,1119,40,959,-2110,NA,NA,NA,NA,NA,92,2130,-4332,NA,NA,NA,NA,NA,NA,NA,NA,NA,NA,NA,NA
2012,333613,1471,0.6267575628461867,404,0.17213463996591394,Mechanical power transmission equipment manufacturing,5385,2347,2083,4325,4430,1053,37,993,-1060,NA,NA,NA,NA,NA,89,1555,-2704,NA,NA,NA,NA,NA,NA,NA,NA,NA,NA,NA,NA
2012,333618,15454,0.7562885387099931,3300,0.16149554663795634,Other engine equipment manufacturing,26912,20434,7808,28728,28242,4411,224,3173,1816,412,2905,NA,NA,NA,430,10726,-13067,NA,NA,NA,NA,NA,10,NA,NA,NA,400,NA,NA
2012,333912,4424,0.7122846562550313,1349,0.21719529866366125,Air and gas compressor manufacturing,2546,6211,3902,9740,10113,1806,85,2011,7194,NA,6139,NA,NA,NA,99,3633,-2696,NA,18,NA,NA,NA,2,NA,NA,NA,NA,NA,NA
2012,333914,5894,0.6165271966527197,1930,0.20188284518828453,"Measuring, dispensing, and other pumping equipment manufacturing",6111,9560,6696,15749,16256,2773,134,3789,9638,NA,9347,NA,NA,NA,153,4493,-4677,NA,245,NA,NA,NA,10,NA,NA,NA,67,NA,NA
2012,333920,14621,0.7379125870596548,4580,0.23114969213687292,Material handling equipment manufacturing,8582,19814,10636,29152,30450,4866,252,5518,20570,NA,20904,NA,NA,NA,256,4855,-5894,NA,66,NA,NA,NA,24,NA,NA,NA,359,NA,NA
2012,333991,1485,0.7095078834209269,376,0.17964644051600573,Power-driven handtool manufacturing,847,2093,1783,3719,3876,612,34,1137,2871,877,4400,NA,NA,NA,98,772,-3446,NA,0,NA,NA,NA,NA,NA,NA,NA,170,NA,NA
2012,333993,1744,0.5470514429109159,568,0.178168130489335,Packaging machinery manufacturing,3137,3188,2477,5387,5665,1541,48,888,2251,NA,3863,NA,NA,NA,54,769,-2437,NA,NA,NA,NA,NA,2,NA,NA,NA,NA,NA,NA
2012,333994,932,0.6091503267973856,344,0.22483660130718955,Industrial process furnace and oven manufacturing,631,1530,1213,2605,2743,821,22,370,1974,NA,1402,NA,NA,NA,28,1221,-682,NA,NA,NA,NA,NA,NA,NA,NA,NA,6,NA,NA
2012,33399A,9005,0.6788029549223579,2617,0.19727121965927935,Other general purpose machinery manufacturing,8193,13266,8204,20393,21471,4548,178,3479,12200,248,12308,NA,NA,NA,279,10587,-11423,NA,14,NA,NA,NA,4,NA,NA,NA,181,NA,NA
2012,33399B,4425,0.6760886172650878,1733,0.26478227654698244,Fluid power process machinery,12679,6545,4832,10691,11377,3382,95,1356,-1989,NA,468,NA,NA,NA,187,2593,-5283,NA,46,NA,NA,NA,NA,NA,NA,NA,NA,NA,NA
2012,334111,1545,0.4368108566581849,531,0.15012722646310434,Electronic computer manufacturing,2085,3537,9165,8280,12702,7541,274,1351,6195,16266,36509,NA,NA,NA,274,4761,-57139,NA,1101,NA,NA,NA,838,NA,NA,NA,3585,NA,NA
2012,334112,1232,0.30677290836653387,437,0.10881474103585657,Computer storage device manufacturing,2287,4016,5027,8680,9043,4100,181,746,6393,4732,6610,NA,NA,NA,60,2293,-7842,NA,191,NA,NA,NA,15,NA,NA,NA,334,NA,NA
2012,334118,2960,0.5724231289885903,2319,0.4484625797718043,Computer terminals and other computer peripheral equipment manufacturing,14019,5171,7820,11497,12991,4061,261,3497,-2521,10858,11415,NA,NA,NA,245,5520,-32500,NA,157,NA,NA,NA,74,NA,NA,NA,1709,NA,NA
2012,334210,1442,0.3181818181818182,802,0.176963812886143,Telephone apparatus manufacturing,8670,4532,7844,9543,12376,4539,259,3046,873,1932,6267,NA,NA,NA,-12,1242,-11335,NA,1312,NA,NA,NA,550,NA,NA,NA,917,NA,NA
2012,334220,8254,0.5746710297291652,3518,0.24493490217921046,Broadcast and wireless communications equipment,25615,14363,20991,28600,35354,10058,702,10231,2985,8022,35309,NA,NA,NA,294,10393,-65562,NA,6393,NA,NA,NA,3582,NA,NA,NA,4552,NA,NA
2012,334290,1033,0.3929250665652339,354,0.13465195891974135,Other communications equipment manufacturing,3814,2629,4003,4999,6632,3386,137,480,1185,60,902,NA,NA,NA,17,701,-904,NA,59,NA,NA,NA,3,NA,NA,NA,347,NA,NA
2012,334300,466,0.3579109062980031,217,0.16666666666666666,Audio and video equipment manufacturing,2799,1302,1720,3012,3021,1282,63,375,212,29572,6157,NA,302,NA,394,2432,-39606,NA,NA,NA,NA,NA,NA,NA,NA,NA,961,NA,NA
2012,334413,6156,0.3474040632054176,3473,0.19599322799097066,Semiconductor and related device manufacturing,47078,17720,39434,47178,57154,23303,1113,15018,100,NA,NA,NA,NA,NA,-143,24507,-24264,NA,NA,NA,NA,NA,NA,NA,NA,NA,NA,NA,NA
2012,334418,6086,0.575889477668433,2180,0.20628311884935654,Printed circuit assembly (electronic assembly) manufacturing,12687,10568,8989,16722,19556,5321,388,3280,4035,207,NA,NA,NA,NA,32,3815,-19,NA,NA,NA,NA,NA,1,NA,NA,NA,NA,NA,NA
2012,33441A,6993,0.4936119150137644,2730,0.19270134820357168,Other electronic component manufacturing,30563,14167,16702,24755,30869,14379,608,1714,-5807,536,NA,NA,NA,NA,74,9805,-16316,NA,NA,NA,NA,NA,7,NA,NA,NA,87,NA,NA
2012,334510,3703,0.4953183520599251,1123,0.15021401819154628,Electromedical and electrotherapeutic apparatus manufacturing,5193,7476,21218,27712,28694,7024,574,13619,22519,2798,19979,NA,NA,NA,107,6711,-7702,NA,301,NA,NA,NA,270,NA,NA,NA,55,NA,NA
2012,334511,5313,0.38977331083559535,2607,0.19125522705597536,"Search, detection, and navigation instruments manufacturing",14091,13631,37729,45616,51360,18738,997,17994,31525,47,15590,NA,NA,NA,-135,4795,-5697,NA,14581,NA,NA,NA,1753,NA,NA,NA,591,NA,NA
2012,334512,525,0.5082284607938045,198,0.19167473378509198,Automatic environmental control manufacturing,3211,1033,1714,2558,2748,1522,60,132,-653,NA,NA,NA,NA,NA,18,259,-930,NA,NA,NA,NA,NA,NA,NA,NA,NA,NA,NA,NA
2012,334513,2043,0.4785664089950808,831,0.19465917076598735,Industrial process variable instruments manufacturing,3333,4269,7828,10462,12097,7236,243,349,7129,NA,6336,NA,NA,NA,30,5788,-5164,NA,3,NA,NA,NA,4,NA,NA,NA,131,NA,NA
2012,334514,1494,0.640926640926641,638,0.2737022737022737,Totalizing fluid meter and counting device manufacturing,4915,2331,4579,6607,6909,1550,134,2894,1692,NA,2821,NA,NA,NA,21,369,-1833,NA,NA,NA,NA,NA,NA,NA,NA,NA,314,NA,NA
2012,334515,2071,0.3510169491525424,1063,0.18016949152542372,Electricity and signal testing instruments manufacturing,4380,5900,7451,12411,13351,4630,266,2555,8031,NA,3831,NA,NA,NA,-10,6383,-5142,NA,2863,NA,NA,NA,52,NA,NA,NA,54,NA,NA
2012,334516,2609,0.5146971789307556,974,0.19214835273229433,Analytical laboratory instrument manufacturing,1848,5069,9536,13658,14606,3774,306,5457,11811,NA,9617,NA,NA,NA,129,6722,-4704,NA,NA,NA,NA,NA,1,NA,NA,NA,45,NA,NA
2012,334517,2081,0.5804741980474198,443,0.12357043235704324,Irradiation apparatus manufacturing,908,3585,5820,8628,9405,3286,187,2347,7720,NA,7698,NA,NA,NA,25,3205,-3402,NA,116,NA,NA,NA,49,NA,NA,NA,29,NA,NA
2012,33451A,1835,0.459784515159108,913,0.22876472062139813,"Watch, clock, and other measuring and controlling device manufacturing",3312,3991,8387,11600,12377,4054,252,4081,8288,5211,5377,NA,NA,NA,151,4182,-6741,NA,NA,NA,NA,NA,NA,NA,NA,NA,107,NA,NA
2012,334610,371,0.35333333333333333,75,0.07142857142857142,Manufacturing and reproducing magnetic and optical media,3148,1050,1955,3052,3006,879,58,1018,-97,228,226,NA,NA,NA,-7,450,-994,NA,NA,NA,NA,NA,NA,NA,NA,NA,NA,NA,NA
2012,335110,433,0.4557894736842105,153,0.16105263157894736,Electric lamp bulb and part manufacturing,2989,950,869,1810,1818,771,18,80,-1178,661,NA,NA,NA,NA,59,490,-2387,NA,NA,NA,NA,NA,NA,NA,NA,NA,NA,NA,NA
2012,335120,3747,0.6401845207585853,1108,0.18930463010422005,Lighting fixture manufacturing,12949,5853,4337,10122,10190,2723,94,1520,-2828,2667,1918,NA,NA,NA,182,1023,-8625,NA,NA,NA,NA,NA,NA,NA,NA,NA,8,NA,NA
2012,335210,1346,0.6607756504663721,354,0.17378497790868924,Small electrical appliance manufacturing,1614,2037,1411,3219,3448,922,36,453,1606,10751,47,NA,59,NA,90,868,-10221,NA,0,NA,NA,NA,0,NA,NA,NA,12,NA,NA
2012,335220,6819,0.7670416197975253,1251,0.1407199100112486,Major household appliance manufacturing,2817,8890,7146,15926,16036,3641,138,3367,13109,16765,347,NA,5006,NA,295,2531,-11862,NA,0,NA,NA,NA,NA,NA,NA,NA,27,NA,NA
2012,335311,2621,0.7594900028977108,603,0.17473196175021732,"Power, distribution, and specialty transformer manufacturing",1813,3451,2448,5729,5899,1944,52,452,3916,15,5678,NA,NA,NA,71,574,-2862,NA,0,NA,NA,NA,267,NA,NA,NA,172,NA,NA
2012,335312,5115,0.756433007985803,2263,0.3346643005028098,Motor and generator manufacturing,12429,6762,4684,10917,11446,3012,98,1575,-1513,17,3247,NA,NA,NA,227,4757,-9974,NA,9,NA,NA,NA,58,NA,NA,NA,147,NA,NA
2012,335313,4253,0.6823359537943205,1105,0.17728220760468474,Switchgear and switchboard apparatus manufacturing,6268,6233,4815,10681,11047,2830,104,1881,4413,59,5822,NA,NA,NA,115,1895,-3788,NA,NA,NA,NA,NA,217,NA,NA,NA,93,NA,NA
2012,335314,3396,0.7140454163162321,1202,0.25273338940285955,Relay and industrial control manufacturing,10190,4756,5268,9721,10024,5088,101,80,-469,NA,1381,NA,NA,NA,183,4747,-7540,NA,294,NA,NA,NA,206,NA,NA,NA,260,NA,NA
2012,335911,2908,0.7572916666666667,1108,0.28854166666666664,Storage battery manufacturing,4447,3840,2692,6306,6533,1274,58,1361,1860,3577,328,NA,NA,NA,134,1539,-3718,NA,NA,NA,NA,NA,NA,NA,NA,NA,NA,NA,NA
2012,335912,1849,0.8011265164644714,617,0.2673310225303293,Primary battery manufacturing,163,2308,2240,4448,4548,1264,-804,1780,4285,4118,NA,NA,NA,NA,70,694,-597,NA,NA,NA,NA,NA,NA,NA,NA,NA,NA,NA,NA
2012,335920,8113,0.7652329749103942,1564,0.14751933597434447,Communication and energy wire and cable manufacturing,15867,10602,4557,14753,15159,2005,133,2420,-1115,NA,219,NA,NA,NA,158,4717,-6319,NA,6,NA,NA,NA,103,NA,NA,NA,NA,NA,NA
2012,335930,4491,0.6952012383900928,955,0.14783281733746131,Wiring device manufacturing,12023,6460,6427,11760,12887,3338,119,2970,-263,NA,97,NA,NA,NA,101,2612,-3074,NA,NA,NA,NA,NA,NA,NA,NA,NA,NA,NA,NA
2012,335991,1379,0.6677966101694915,233,0.11283292978208233,Carbon and graphite product manufacturing,3151,2065,1376,3318,3442,530,33,813,166,NA,NA,NA,NA,NA,82,1163,-1078,NA,NA,NA,NA,NA,NA,NA,NA,NA,NA,NA,NA
2012,335999,3975,0.6178116257382654,1588,0.24681380167858252,All other miscellaneous electrical equipment and component manufacturing,4771,6434,3882,9804,10316,2548,95,1239,5033,561,7584,NA,NA,NA,118,3283,-7225,NA,538,NA,NA,NA,57,NA,NA,NA,118,NA,NA
2012,336111,32996,0.7894913145427573,10975,0.26259750203378474,Automobile manufacturing,60,41794,16795,60785,58589,8014,350,8431,60725,57628,70175,NA,NA,NA,5299,15455,-87832,NA,0,NA,NA,NA,0,NA,NA,NA,0,NA,NA
2012,336112,112616,0.8134701926480254,33924,0.24504655480030915,Light truck and utility vehicle manufacturing,112,138439,33981,173861,172420,6504,931,26546,173749,107655,88641,NA,NA,NA,7472,29147,-70800,NA,1088,NA,NA,NA,647,NA,NA,NA,9900,NA,NA
2012,336120,20285,0.7970843648080475,6774,0.2661794176588471,Heavy duty truck manufacturing,4891,25449,6206,34533,31655,2272,184,3750,29642,NA,25595,NA,NA,NA,233,7880,-10464,NA,451,NA,NA,NA,271,NA,NA,NA,5675,NA,NA
2012,336211,6612,0.7463596342702337,1617,0.18252624449712157,Motor vehicle body manufacturing,5011,8859,3195,7666,12054,2958,70,167,2655,837,1683,NA,NA,NA,204,199,-298,NA,NA,NA,NA,NA,30,NA,NA,NA,NA,NA,NA
2012,336212,4424,0.7257217847769029,1358,0.22276902887139108,Truck trailer manufacturing,403,6096,2154,7911,8250,1671,46,437,7508,NA,7299,NA,NA,NA,119,1091,-1069,NA,64,NA,NA,NA,4,NA,NA,NA,NA,NA,NA
2012,336213,1308,0.7649122807017544,429,0.25087719298245614,Motor home manufacturing,8,1710,634,2434,2343,584,13,37,2426,1868,83,NA,NA,NA,256,378,-159,NA,NA,NA,NA,NA,NA,NA,NA,NA,NA,NA,NA
2012,336214,6084,0.7467779550754879,2036,0.24990794157358537,Travel trailer and camper manufacturing,1498,8147,2414,9993,10561,1433,58,922,8495,5964,718,NA,NA,NA,721,1782,-690,NA,NA,NA,NA,NA,NA,NA,NA,NA,NA,NA,NA
2012,336310,17204,0.7283657917019475,5571,0.23585944115156646,Motor vehicle gasoline engine and engine parts manufacturing,36400,23620,6417,27177,30038,3999,175,2243,-9222,1255,NA,NA,NA,NA,569,5519,-16565,NA,NA,NA,NA,NA,NA,NA,NA,NA,NA,NA,NA
2012,336320,11083,0.7280430926886947,4348,0.2856204427511003,Motor vehicle electrical and electronic equipment manufacturing,25646,15223,4483,18500,19706,3264,123,1096,-7146,3149,NA,NA,NA,NA,497,3559,-14351,NA,NA,NA,NA,NA,NA,NA,NA,NA,NA,NA,NA
2012,336350,20347,0.746240739382381,6598,0.24198635663463655,Motor vehicle transmission and power train parts manufacturing,45087,27266,8313,35988,35579,5829,202,2281,-9099,2263,NA,NA,NA,NA,570,4197,-16129,NA,NA,NA,NA,NA,NA,NA,NA,NA,NA,NA,NA
2012,336360,13970,0.7478186392591403,3463,0.18537551522937745,Motor vehicle seating and interior trim manufacturing,25689,18681,4426,22286,23107,3431,128,867,-3402,3,1699,NA,NA,NA,243,1505,-6858,NA,NA,NA,NA,NA,5,NA,NA,NA,2,NA,NA
2012,336370,17180,0.7705418012199498,2835,0.12715285252960173,Motor vehicle metal stamping,26866,22296,7991,28046,30287,5102,169,2720,1180,NA,NA,NA,NA,NA,335,1387,-542,NA,NA,NA,NA,NA,NA,NA,NA,NA,NA,NA,NA
2012,336390,31751,0.6996540402371036,9657,0.21279830766179678,Other motor vehicle parts manufacturing,51514,45381,13047,51594,58428,7564,354,5129,80,4391,NA,NA,NA,NA,1102,24093,-29506,NA,NA,NA,NA,NA,NA,NA,NA,NA,NA,NA,NA
2012,3363A0,13191,0.7339750723347429,3029,0.16853995103494324,"Motor vehicle steering, suspension component (except spring), and brake systems manufacturing",27358,17972,5710,21748,23682,4210,139,1361,-5609,1234,NA,NA,NA,NA,556,3432,-10832,NA,NA,NA,NA,NA,NA,NA,NA,NA,NA,NA,NA
2012,336411,46792,0.6996097663083295,16390,0.24505479718314072,Aircraft manufacturing,19884,66883,50997,105144,117880,24210,923,25864,85259,463,27942,NA,NA,NA,3065,41345,-6660,NA,18761,NA,NA,NA,326,NA,NA,NA,18,NA,NA
2012,336412,19918,0.8584974785569588,10262,0.4423085211844317,Aircraft engine and engine parts manufacturing,28310,23201,20819,39815,44020,9321,343,11155,11505,NA,952,NA,NA,NA,418,23809,-14523,NA,848,NA,NA,NA,NA,NA,NA,NA,NA,NA,NA
2012,336413,13270,0.7147088921204288,5635,0.30349544891474123,Other aircraft parts and auxiliary equipment manufacturing,24572,18567,17341,34124,35908,9665,277,7398,9553,NA,NA,NA,NA,NA,715,21270,-12433,NA,NA,NA,NA,NA,NA,NA,NA,NA,NA,NA,NA
2012,336414,6482,0.62117872544322,1476,0.14144705318639195,Guided missile and space vehicle manufacturing,3335,10435,10517,17932,20952,10286,158,73,14597,NA,5648,NA,NA,NA,240,1336,-105,NA,5612,NA,NA,NA,1866,NA,NA,NA,NA,NA,NA
2012,33641A,1257,0.44941008223096174,76,0.027171969967822666,Propulsion units and parts for space vehicles and guided missiles,4070,2797,3077,5294,5874,1714,44,1319,1224,NA,NA,NA,NA,NA,45,832,-632,NA,NA,NA,NA,NA,980,NA,NA,NA,NA,NA,NA
2012,336500,9449,0.7591387482927613,2800,0.2249538041295091,Railroad rolling stock manufacturing,4545,12447,4202,15942,16649,2007,141,2054,11397,NA,11213,NA,NA,NA,169,2741,-3605,NA,11,NA,NA,NA,29,NA,NA,NA,838,NA,NA
2012,336611,6091,0.4906952388624829,1393,0.1122210585676307,Ship building and repairing,5827,12413,10282,21640,22695,9169,172,941,15813,NA,5335,NA,NA,NA,186,1999,-661,NA,8882,NA,NA,NA,54,NA,NA,NA,19,NA,NA
2012,336612,3042,0.6079136690647482,937,0.1872501998401279,Boat building,212,5004,2241,6742,7244,1707,61,472,6530,4212,367,NA,NA,NA,815,1917,-959,NA,56,NA,NA,NA,111,NA,NA,NA,11,NA,NA
2012,336991,2188,0.6820448877805486,871,0.27150872817955113,"Motorcycle, bicycle, and parts manufacturing",1077,3208,2894,5896,6102,1326,47,1520,4819,7408,148,NA,NA,NA,534,1698,-5222,NA,NA,NA,NA,NA,NA,NA,NA,NA,253,NA,NA
2012,336992,3008,0.8263736263736263,682,0.18736263736263736,"Military armored vehicle, tank, and tank component manufacturing",597,3640,2493,5792,6133,1169,48,1276,5194,NA,NA,NA,NA,NA,79,978,-754,NA,4891,NA,NA,NA,NA,NA,NA,NA,NA,NA,NA
2012,336999,4193,0.7881578947368421,1222,0.22969924812030076,All other transportation equipment manufacturing,1068,5320,2038,6953,7358,946,59,1033,5885,4076,1230,NA,NA,NA,486,478,-458,NA,42,NA,NA,NA,NA,NA,NA,NA,30,NA,NA
2012,337110,3899,0.5996616425715164,1035,0.15918179021839435,Wood kitchen cabinet and countertop manufacturing,10038,6502,4934,10921,11436,4588,62,284,883,NA,1250,NA,NA,NA,119,120,-606,NA,NA,NA,NA,NA,NA,NA,NA,NA,NA,NA,NA
2012,337121,4671,0.6734429065743944,2107,0.30377739331026526,Upholstered household furniture manufacturing,46,6936,2877,8870,9813,2178,63,636,8824,11644,234,NA,62,NA,102,403,-3627,NA,NA,NA,NA,NA,3,NA,NA,NA,4,NA,NA
2012,337122,1563,0.585174092100337,495,0.18532384874578808,Nonupholstered wood household furniture manufacturing,81,2671,1523,4127,4195,1358,24,141,4046,12163,256,NA,90,NA,150,743,-9393,NA,0,NA,NA,NA,19,NA,NA,NA,17,NA,NA
2012,337127,1813,0.5717439293598234,450,0.14191106906338694,Institutional furniture manufacturing,513,3171,1475,4562,4647,1147,27,302,4049,72,8052,NA,NA,NA,59,1149,-5543,NA,0,NA,NA,NA,1,NA,NA,NA,259,NA,NA
2012,33712N,1112,0.5235404896421846,419,0.1972693032015066,Other household nonupholstered furniture,294,2124,751,2595,2875,502,19,229,2301,5192,121,NA,147,NA,65,65,-3291,NA,NA,NA,NA,NA,0,NA,NA,NA,1,NA,NA
2012,337215,2972,0.704265402843602,621,0.1471563981042654,"Showcase, partition, shelving, and locker manufacturing",4409,4220,2475,6640,6695,2226,39,210,2232,481,5428,NA,2,NA,69,881,-4762,NA,0,NA,NA,NA,7,NA,NA,NA,126,NA,NA
2012,33721A,6581,0.6164293742974897,1767,0.16551142750093667,Office furniture and custom architectural woodwork and millwork manufacturing,6197,10676,5667,15670,16343,3673,93,1902,9473,350,8771,NA,NA,NA,93,386,-1325,NA,0,NA,NA,NA,13,NA,NA,NA,1184,NA,NA
2012,337900,3952,0.5639269406392694,836,0.11929223744292237,Other furniture related product manufacturing,192,7008,2721,9582,9729,1631,55,1035,9389,10002,440,NA,131,NA,135,144,-1471,NA,NA,NA,NA,NA,NA,NA,NA,NA,9,NA,NA
2012,339112,8049,0.5361353493638846,1657,0.11037101178978219,Surgical and medical instrument manufacturing,15142,15013,24115,36929,39128,13567,408,10140,21786,309,21115,NA,NA,NA,201,9076,-9011,NA,44,NA,NA,NA,6,NA,NA,NA,47,NA,NA
2012,339113,8086,0.5155572558020913,1455,0.09276970160673298,Surgical appliance and supplies manufacturing,21069,15684,20850,31944,36534,9399,414,11037,10875,9839,6012,NA,NA,NA,203,6743,-12339,NA,7,NA,NA,NA,115,NA,NA,NA,296,NA,NA
2012,339114,1224,0.5553539019963702,383,0.17377495462794917,Dental equipment and supplies manufacturing,2773,2204,2585,4263,4789,1397,57,1132,1490,NA,1809,NA,NA,NA,22,955,-1427,NA,46,NA,NA,NA,78,NA,NA,NA,8,NA,NA
2012,339115,1506,0.43996494303242767,377,0.11013730645632486,Ophthalmic goods manufacturing,63,3423,5009,7654,8432,2283,91,2635,7591,10037,NA,NA,NA,NA,57,1229,-3732,NA,NA,NA,NA,NA,NA,NA,NA,NA,NA,NA,NA
2012,339116,883,0.36822351959966637,360,0.1501251042535446,Dental laboratories,4549,2398,3157,4581,5555,2766,57,333,32,NA,NA,NA,NA,NA,20,12,NA,NA,NA,NA,NA,NA,NA,NA,NA,NA,NA,NA,NA
2012,339910,2649,0.523828356733241,1469,0.29048843187660667,Jewelry and silverware manufacturing,2763,5057,2945,11507,8002,1407,81,1457,8744,16091,NA,NA,NA,NA,593,5752,-13693,NA,NA,NA,NA,NA,NA,NA,NA,NA,NA,NA,NA
2012,339920,3133,0.4957278481012658,834,0.1319620253164557,Sporting and athletic goods manufacturing,1079,6320,3876,9783,10197,2440,128,1308,8704,11971,2219,NA,NA,NA,268,1391,-7290,NA,0,NA,NA,NA,1,NA,NA,NA,145,NA,NA
2012,339930,477,0.5167930660888408,61,0.06608884073672806,"Doll, toy, and game manufacturing",769,923,888,1820,1811,728,19,142,1050,16310,NA,NA,NA,NA,354,834,-16448,NA,NA,NA,NA,NA,NA,NA,NA,NA,NA,NA,NA
2012,339940,1056,0.6089965397923875,288,0.16608996539792387,Office supplies (except paper) manufacturing,1876,1734,1037,3089,2771,677,29,331,1213,2439,124,NA,NA,NA,38,318,-1815,NA,NA,NA,NA,NA,1,NA,NA,NA,108,NA,NA
2012,339950,4425,0.6391737685974289,854,0.12335692618806876,Sign manufacturing,685,6923,4620,7976,11544,3951,118,551,7291,NA,7222,NA,NA,NA,48,250,-230,NA,0,NA,NA,NA,1,NA,NA,NA,NA,NA,NA
2012,339990,7962,0.5147068330208805,1932,0.12489495119270799,All other miscellaneous manufacturing,13143,15469,12360,25674,27830,7610,286,4464,12531,16629,3976,NA,NA,NA,396,5227,-13727,NA,9,NA,NA,NA,NA,NA,NA,NA,21,NA,NA
2012,423100,4972,0.09267819862809425,2567,0.047848941246644794,Motor vehicle and motor vehicle parts and supplies,41324,53648,54039,103480,107687,24355,3629,26055,62156,24584,23059,0,1,0,2046,11622,NA,NA,91,0,NA,NA,44,0,NA,NA,708,0,NA
2012,423400,8175,0.10810632107907961,4443,0.05875429780481354,Professional and commercial equipment and supplies,51098,75620,124330,190878,199950,89306,7302,27721,139780,35913,46338,20248,138,0,928,29466,NA,NA,1033,494,NA,NA,638,704,NA,NA,2598,1283,NA
2012,423600,4094,0.0616362048718798,2142,0.03224835144982084,Household appliances and electrical and electronic goods,56091,66422,78705,144283,145128,33404,5129,40172,88192,19487,33652,848,920,NA,871,21595,NA,NA,6325,21,NA,NA,2732,29,NA,NA,1658,54,NA
2012,423800,7034,0.11169511710996427,2910,0.046208813021040095,"Machinery, equipment, and supplies",62859,62975,104165,158355,167140,66512,6844,30809,95496,3630,57101,6,7,0,1577,30261,NA,NA,1723,0,NA,NA,276,0,NA,NA,914,0,NA
2012,423A00,11985,0.11210049292415328,4403,0.041183017967880424,Other durable goods merchant wholesalers,129407,106913,124258,233263,231171,64239,9974,50045,103856,56081,13743,74,627,35,2554,29520,NA,NA,686,2,NA,NA,125,3,NA,NA,402,5,NA
2012,424200,4702,0.07635100025980775,1539,0.024990257209664846,Drugs and druggists' sundries,53836,61584,69411,136256,130995,24140,1961,43310,82419,68563,245,NA,0,NA,362,13225,NA,NA,8,NA,NA,NA,4,NA,NA,NA,11,NA,NA
2012,424400,7124,0.1181289070920457,2358,0.03909993864725488,Grocery and related product wholesalers,58713,60307,68859,132990,129166,39531,2166,27162,74277,63567,378,NA,2,NA,482,9837,NA,NA,1,NA,NA,NA,4,NA,NA,NA,7,NA,NA
2012,424700,3645,0.11540288111445306,1639,0.05189172075352224,Petroleum and petroleum products,84939,31585,125323,160669,156908,10878,88265,26181,75730,66229,65,NA,12,0,562,8861,NA,NA,0,NA,NA,NA,0,NA,NA,NA,1,NA,NA
2012,424A00,11884,0.09286478967891162,4239,0.03312469231310219,Other nondurable goods merchant wholesalers,150336,127971,163009,299525,290980,65113,33130,64766,149189,119081,1536,127,28,0,1141,27172,NA,NA,17,3,NA,NA,18,4,NA,NA,52,8,NA
2012,425000,1639,0.15991804078446678,1067,0.10410771782612938,Wholesale electronic markets and agents and brokers,39301,10249,52150,58342,62399,40195,463,11492,19041,9127,4764,29,12,1,318,4500,NA,NA,160,1,NA,NA,62,1,NA,NA,65,2,NA
2012,441000,10933,0.1865222212744178,4874,0.08315277659302227,Motor vehicle and parts dealers,15225,58615,163260,153483,221875,92380,37247,33633,138258,126068,12188,NA,2,NA,NA,NA,NA,NA,NA,NA,NA,NA,NA,NA,NA,NA,NA,NA,NA
2012,444000,1765,0.06053850111473161,683,0.02342651346252787,Building material and garden equipment and supplies dealers,63209,29155,86528,111301,115682,47730,20242,18556,48092,39682,7286,0,1123,NA,NA,NA,NA,NA,NA,NA,NA,NA,NA,NA,NA,NA,NA,NA,NA
2012,445000,9272,0.1255653963868801,2901,0.03928658487039896,Food and beverage stores,1798,73842,133838,189133,207679,82848,21263,29727,187335,187175,154,1,6,NA,NA,NA,NA,NA,NA,NA,NA,NA,NA,NA,NA,NA,NA,NA,NA
2012,446000,1967,0.06621335038879725,860,0.028949405863937794,Health and personal care stores,126,29707,58181,95167,87887,43028,7138,8014,95041,95020,19,0,1,NA,NA,NA,NA,NA,NA,NA,NA,NA,NA,NA,NA,NA,NA,NA,NA
2012,447000,3613,0.1066977733152206,799,0.023595771070816843,Gasoline stations,9416,33862,50276,68163,84138,20148,14005,16122,58747,58739,5,0,2,NA,NA,NA,NA,NA,NA,NA,NA,NA,NA,NA,NA,NA,NA,NA,NA
2012,448000,5189,0.08570484763399125,2572,0.04248079940540094,Clothing and clothing accessories stores,23,60545,65949,123457,126494,34691,17503,13755,123433,123427,1,0,5,NA,NA,NA,NA,NA,NA,NA,NA,NA,NA,NA,NA,NA,NA,NA,NA
2012,452000,5692,0.07426834201015123,3421,0.0446366827155178,General merchandise stores,4584,76641,134196,200345,210837,84367,37497,12332,195761,193645,1667,298,150,NA,NA,NA,NA,NA,NA,NA,NA,NA,NA,NA,NA,NA,NA,NA,NA
2012,454000,5558,0.11176801801801801,3182,0.06398809523809523,Nonstore retailers,9255,49728,117266,158947,166994,36084,11700,69482,149692,141876,5620,1951,245,NA,NA,NA,NA,NA,NA,NA,NA,NA,NA,NA,NA,NA,NA,NA,NA
2012,481000,40488,0.37712018330678737,22161,0.20641573755833123,Air transportation,71989,107361,88054,193038,195414,40570,16981,30503,121050,118996,326,28,3,NA,19,47719,-46100,NA,33,1,NA,NA,7,1,NA,NA,15,2,NA
2012,482000,12999,0.3299489808868696,3763,0.09551488692032388,Rail transportation,53297,39397,39744,77916,79141,22308,34,17402,24619,7722,2790,NA,28,NA,552,13082,270,NA,40,NA,NA,NA,9,NA,NA,NA,126,NA,NA
2012,483000,11303,0.3066800520946386,4920,0.1334925113957022,Water transportation,11211,36856,13166,49127,50022,6554,236,6376,37916,17747,11,0,0,NA,56,6832,13267,NA,3,0,NA,NA,0,0,NA,NA,0,NA,NA
2012,484000,54998,0.3247037708334563,5971,0.03525230400462867,Truck transportation,158233,169379,128395,291631,297775,78692,4017,45686,133398,73887,21608,543,650,12,1759,30411,2736,NA,797,13,NA,NA,184,19,NA,NA,747,34,NA
2012,485000,3876,0.26670336475607237,427,0.029381407830454828,Transit and ground passenger transportation,32731,14533,36459,65949,50992,17111,1614,17734,33217,33217,NA,NA,NA,NA,NA,NA,NA,NA,NA,NA,NA,NA,NA,NA,NA,NA,NA,NA,NA
2012,486000,1165,0.10488880885927793,313,0.028180426757900424,Pipeline transportation,34822,11107,25334,39780,36442,6754,2531,16049,4958,2126,NA,NA,NA,NA,593,2239,NA,NA,NA,NA,NA,NA,NA,NA,NA,NA,NA,NA,NA
2012,48A000,11614,0.20010682472130809,3768,0.06492186288530126,Scenic and sightseeing transportation and support activities,113328,58039,55116,127214,113155,39936,1298,13883,13886,13258,NA,NA,NA,NA,NA,628,NA,NA,NA,NA,NA,NA,NA,NA,NA,NA,NA,NA,NA
2012,491000,5711,0.21892130179783034,1534,0.05880323532794112,Postal service,54224,26087,35803,61744,61890,40679,NA,-4876,7520,7595,NA,NA,NA,NA,NA,375,-450,NA,NA,NA,NA,NA,NA,NA,NA,NA,NA,NA,NA
2012,492000,13911,0.40613686792012144,2422,0.07071119934602359,Couriers and messengers,56872,34252,39826,75248,74078,27228,852,11746,18376,4879,NA,NA,NA,NA,NA,10003,3495,NA,NA,NA,NA,NA,NA,NA,NA,NA,NA,NA,NA
2012,493000,6590,0.10685735596958051,2521,0.04087820855831752,Warehousing and storage,111793,61671,47217,112114,108888,35598,658,10961,321,173,NA,NA,NA,NA,NA,148,NA,NA,NA,NA,NA,NA,NA,NA,NA,NA,NA,NA,NA
2012,4B0000,6515,0.09544389100498095,2668,0.03908584822736595,All other retail,6380,68260,113864,185173,182124,68843,27850,17171,178793,162795,10748,2289,2961,NA,NA,NA,NA,NA,NA,NA,NA,NA,NA,NA,NA,NA,NA,NA,NA
2012,511110,3023,0.27572053994892376,711,0.06484859540313755,Newspaper publishers,657,10964,19432,8939,30396,8923,321,10188,8282,8106,NA,NA,NA,NA,9,301,-134,NA,NA,NA,NA,NA,NA,NA,NA,NA,NA,NA,NA
2012,511120,2637,0.2035350416795307,583,0.04499845631367706,Periodical Publishers,2764,12956,17275,11092,30231,6405,338,10533,8329,7220,NA,117,NA,NA,-64,1308,-252,NA,NA,NA,NA,NA,NA,NA,NA,NA,NA,NA,NA
2012,511130,3998,0.2160263684011455,612,0.03306856864970011,Book publishers,9173,18507,17612,30849,36119,4693,437,12483,21675,12186,NA,9103,NA,NA,-367,2385,-1631,NA,NA,NA,NA,NA,NA,NA,NA,NA,NA,NA,NA
2012,5111A0,2248,0.3103257868580895,631,0.08710657095527333,"Directory, mailing list, and other publishers",4040,7244,9014,10179,16258,2659,185,6170,6139,6111,NA,432,NA,NA,-26,223,-602,NA,NA,NA,NA,NA,NA,NA,NA,NA,NA,NA,NA
2012,511200,3610,0.06364037020713971,1482,0.02612604671661525,Software publishers,23471,56725,126504,148115,183229,57987,2407,66110,124644,29547,NA,57559,NA,NA,390,31192,-1095,NA,NA,1403,NA,NA,NA,2000,NA,NA,NA,3650,NA
2012,512100,1631,0.03498048299232188,2132,0.04572556084587998,Motion picture and video industries,53199,46626,70431,115928,117057,28318,4959,37155,62729,22360,NA,28989,NA,NA,49,16708,-5376,NA,NA,NA,NA,NA,NA,NA,NA,NA,NA,NA,NA
2012,512200,194,0.08493870402802102,64,0.028021015761821366,Sound recording industries,6321,2284,12359,14549,14643,2020,1531,8807,8229,4736,NA,2972,NA,NA,42,1936,-1458,NA,NA,NA,NA,NA,NA,NA,NA,NA,NA,NA,NA
2012,515100,68,0.002057799969738236,168,0.005083976395823877,Radio and television broadcasting,33363,33045,42036,50975,75081,15204,762,26069,17612,7518,NA,10084,NA,NA,NA,10,NA,NA,NA,NA,NA,NA,NA,NA,NA,NA,NA,NA,NA
2012,515200,7370,0.2325654780687914,3055,0.09640265067844746,Cable and other subscription programming,7555,31690,47113,20707,78802,12336,1078,33699,13153,NA,NA,13153,NA,NA,NA,NA,NA,NA,NA,NA,NA,NA,NA,NA,NA,NA,NA,NA,NA
2012,517110,13582,0.0955758688875284,13420,0.09443588282069144,Wired telecommunications carriers,138011,142107,168600,329060,310707,55751,18864,93985,191049,174541,7160,NA,NA,NA,NA,9486,-137,NA,NA,NA,NA,NA,NA,NA,NA,NA,NA,NA,NA
2012,517210,22038,0.16895771840380266,15495,0.11879480200866332,Wireless telecommunications carriers (except satellite),89041,130435,100062,199894,230497,20422,10145,69494,110853,104939,NA,NA,NA,NA,NA,5913,NA,NA,NA,NA,NA,NA,NA,NA,NA,NA,NA,NA,NA
2012,517A00,1571,0.06683684322484577,1570,0.066794299085301,"Satellite, telecommunications resellers, and all other telecommunications",17209,23505,14535,24890,38040,7687,1665,5183,7681,6839,NA,NA,NA,NA,NA,860,-18,NA,NA,NA,NA,NA,NA,NA,NA,NA,NA,NA,NA
2012,518200,7587,0.12652169562752227,3854,0.06426975285995397,"Data processing, hosting, and related services",78594,59966,61981,110101,121948,26411,1578,33992,31507,14113,NA,13160,NA,NA,NA,1094,-329,NA,NA,772,NA,NA,NA,815,NA,NA,NA,1881,NA
2012,519130,6491,0.15428313367560373,1555,0.03696044875451607,Internet publishing and broadcasting and Web search portals,36207,42072,50151,48686,92223,19804,919,29428,12478,10375,NA,NA,NA,NA,NA,2670,-567,NA,NA,NA,NA,NA,NA,NA,NA,NA,NA,NA,NA
2012,5191A0,128,0.07231638418079096,39,0.022033898305084745,"News syndicates, libraries, archives and all other information services",4636,1770,5601,9460,7372,2956,76,2570,4824,4357,NA,NA,NA,NA,NA,469,-3,NA,NA,NA,NA,NA,NA,NA,NA,NA,NA,NA,NA
2012,522A00,3366,0.03168477135380387,3413,0.032127190918161797,Nondepository credit intermediation and related activities,232726,106234,193937,288884,300171,98662,7405,87869,56157,34813,NA,NA,NA,NA,NA,21344,NA,NA,NA,NA,NA,NA,NA,NA,NA,NA,NA,NA,NA
2012,523900,4300,0.028647568287808126,4300,0.028647568287808126,Other financial investment activities,115854,150100,128283,330655,278383,107747,3070,17466,214802,172220,NA,NA,NA,NA,NA,42582,NA,NA,NA,NA,NA,NA,NA,NA,NA,NA,NA,NA,NA
2012,523A00,1507,0.015771186972811185,22887,0.2395190154258325,Securities and commodity contracts intermediation and brokerage,101572,95554,104534,154634,200088,95581,1760,7193,53062,33748,NA,NA,NA,NA,NA,19370,-56,NA,NA,NA,NA,NA,NA,NA,NA,NA,NA,NA,NA
2012,524113,197,0.008847967662250168,4338,0.19483494273523466,Direct life insurance carriers,NA,22265,59807,79206,82073,31183,3684,24941,79206,79206,NA,NA,NA,NA,NA,NA,NA,NA,NA,NA,NA,NA,NA,NA,NA,NA,NA,NA,NA
2012,5241XX,533,0.002529446938562439,50673,0.24047779496768193,"Insurance carriers, except direct life",247423,210718,219670,429142,430388,116349,18193,85127,181719,217462,NA,NA,5936,NA,NA,16539,-58218,NA,NA,NA,NA,NA,NA,NA,NA,NA,NA,NA,NA
2012,524200,571,0.0035979156033597347,716,0.004511571929957216,"Insurance agencies, brokerages, and related activities",297305,158703,127427,297305,286130,67593,2015,57819,NA,NA,NA,NA,NA,NA,NA,NA,NA,NA,NA,NA,NA,NA,NA,NA,NA,NA,NA,NA,NA
2012,525000,1718,0.01602208399003982,1190,0.011097951075755173,"Funds, trusts, and other financial vehicles",16019,107227,10032,139737,117259,518,809,8705,123718,123718,NA,NA,NA,NA,NA,NA,NA,NA,NA,NA,NA,NA,NA,NA,NA,NA,NA,NA,NA
2012,52A000,6831,0.05034157988989852,4997,0.03682577583220947,Monetary authorities and depository credit intermediation,229008,135693,325754,412806,461447,112456,8242,205057,183798,169594,NA,NA,NA,NA,NA,22286,-8082,NA,NA,NA,NA,NA,NA,NA,NA,NA,NA,NA,NA
2012,531HSO,2060,0.012164013415843923,939,0.005544664367707497,Owner-occupied housing,NA,169352,1151462,1320750,1320813,NA,148352,1003110,1320750,1320750,NA,NA,NA,NA,NA,NA,NA,NA,NA,NA,NA,NA,NA,NA,NA,NA,NA,NA,NA
2012,531HST,53,0.004764901555335791,238,0.021397105097545627,Tenant-occupied housing,NA,11123,394726,399903,405849,15469,46852,332405,399902,399902,NA,NA,NA,NA,NA,NA,NA,NA,NA,NA,NA,NA,NA,NA,NA,NA,NA,NA,NA
2012,531ORE,26605,0.05437392830939082,10793,0.0220581773442306,Other real estate,810721,489297,399797,916747,889093,68251,20885,310661,106027,5302,NA,NA,82652,14605,NA,3468,NA,NA,NA,NA,NA,NA,NA,NA,NA,NA,NA,NA,NA
2012,532100,3830,0.15237716331808235,1196,0.047583051521782375,Automotive equipment rental and leasing,46270,25135,28734,99176,53868,8800,5622,14312,52906,50332,NA,NA,NA,NA,NA,2575,NA,NA,NA,NA,NA,NA,NA,NA,NA,NA,NA,NA,NA
2012,532400,4939,0.17106539207536714,997,0.034531726239955665,Commercial and industrial machinery and equipment rental and leasing,78040,28872,32993,83060,61865,9729,4391,18873,5020,452,NA,NA,NA,NA,NA,4568,NA,NA,NA,NA,NA,NA,NA,NA,NA,NA,NA,NA,NA
2012,532A00,702,0.058597662771285475,413,0.03447412353923205,General and consumer goods rental,11053,11980,14924,34834,26904,6554,2886,5484,23781,22704,NA,NA,NA,NA,NA,1077,NA,NA,NA,NA,NA,NA,NA,NA,NA,NA,NA,NA,NA
2012,533000,1411,0.023969693881017905,1407,0.02390174294159617,Lessors of nonfinancial intangible assets,93212,58866,97113,156297,155979,5448,3541,88124,63085,NA,NA,NA,NA,NA,NA,63085,NA,NA,NA,NA,NA,NA,NA,NA,NA,NA,NA,NA,NA
2012,541100,3076,0.03438485099152675,2721,0.030416508305573565,Legal services,193148,89458,217477,306850,306936,115473,10846,91158,113702,90901,NA,NA,14194,NA,NA,11032,-2425,NA,NA,NA,NA,NA,NA,NA,NA,NA,NA,NA,NA
2012,541200,2436,0.04952628796812101,1896,0.03854755418208433,"Accounting, tax preparation, bookkeeping, and payroll services",144703,49186,113096,159021,162282,77153,1564,34379,14318,15163,NA,NA,NA,NA,NA,1533,-2378,NA,NA,NA,NA,NA,NA,NA,NA,NA,NA,NA,NA
2012,541300,22843,0.19730341348811498,7724,0.06671503593145384,"Architectural, engineering, and related services",216077,115776,165359,286732,281135,127119,2391,35849,70654,NA,47174,NA,1054,NA,NA,35001,-12575,NA,NA,NA,NA,NA,NA,NA,NA,NA,NA,NA,NA
2012,541400,1183,0.29471848530144495,390,0.09715994020926756,Specialized design services,22595,4014,22779,26576,26793,9825,905,12049,3982,3910,NA,NA,NA,NA,NA,173,-102,NA,NA,NA,NA,NA,NA,NA,NA,NA,NA,NA,NA
2012,541511,1282,0.034186666666666664,1552,0.04138666666666667,Custom computer programming services,6774,37500,98329,202028,135829,76467,1592,20270,195254,NA,NA,169328,NA,NA,NA,5111,-9262,NA,NA,6328,NA,NA,NA,16732,NA,NA,NA,7017,NA
2012,541512,7948,0.20572552673810632,3664,0.094838743076047,Computer systems design services,126825,38634,119464,142257,158099,91404,2290,25770,15432,NA,16423,NA,NA,NA,NA,5281,-9314,NA,2065,NA,NA,NA,NA,NA,NA,NA,978,NA,NA
2012,54151A,3354,0.13232335187596164,2386,0.09413342801909497,"Other computer related services, including facilities management",71446,25347,34948,70734,60294,24688,813,9447,-712,NA,NA,NA,NA,NA,NA,4554,-5266,NA,NA,NA,NA,NA,NA,NA,NA,NA,NA,NA,NA
2012,541610,4420,0.0610868483608823,3284,0.045386699098899884,Management consulting services,181078,72356,126698,194809,199054,88923,1770,36005,13731,NA,NA,NA,NA,NA,NA,34264,-20533,NA,NA,NA,NA,NA,NA,NA,NA,NA,NA,NA,NA
2012,5416A0,1161,0.0819741580173692,914,0.06453435006707618,Environmental and other technical consulting services,44412,14163,29951,44591,44114,23994,442,5515,179,NA,NA,NA,NA,NA,NA,179,NA,NA,NA,NA,NA,NA,NA,NA,NA,NA,NA,NA,NA
2012,541700,12135,0.14824814308053166,5161,0.06304974589523064,Scientific research and development services,9290,81856,95574,476081,177429,76685,1131,17758,466790,6043,NA,313449,NA,NA,NA,25328,-25107,NA,NA,61470,NA,NA,NA,69932,NA,NA,NA,15675,NA
2012,541800,4540,0.14184840342435792,1677,0.05239642567018684,"Advertising, public relations, and related services",314514,32006,80872,322019,112878,36286,1668,42918,7505,1535,NA,NA,NA,NA,NA,11730,-5760,NA,NA,NA,NA,NA,NA,NA,NA,NA,NA,NA,NA
2012,541920,753,0.23568075117370893,167,0.05226917057902973,Photographic services,3658,3195,7666,11272,10861,2425,657,4584,7614,6485,NA,1133,NA,NA,NA,14,-18,NA,NA,NA,NA,NA,NA,NA,NA,NA,NA,NA,NA
2012,541940,6412,0.6463058159459731,855,0.08618082854550953,Veterinary services,3020,9921,19481,25513,29402,10350,398,8734,22493,22493,NA,NA,NA,NA,NA,NA,NA,NA,NA,NA,NA,NA,NA,NA,NA,NA,NA,NA,NA
2012,5419A0,3590,0.18116673395236174,1533,0.07736172789664918,"All other miscellaneous professional, scientific, and technical services",79028,19816,60097,80237,79913,15862,745,43489,1209,NA,NA,NA,NA,NA,NA,3173,-1964,NA,NA,NA,NA,NA,NA,NA,NA,NA,NA,NA,NA
2012,550000,12211,0.06910152735257001,9425,0.05333567236900929,Management of companies and enterprises,462016,176711,302135,465685,478846,259415,8366,34354,3669,NA,NA,NA,NA,NA,NA,3669,NA,NA,NA,NA,NA,NA,NA,NA,NA,NA,NA,NA,NA
2012,561100,1374,0.06662787314518476,848,0.041121132770827275,Office administrative services,45734,20622,27693,45734,48315,26367,341,985,NA,NA,NA,NA,NA,NA,NA,NA,NA,NA,NA,NA,NA,NA,NA,NA,NA,NA,NA,NA,NA
2012,561200,2929,0.23238654395430022,797,0.06323389400190416,Facilities support services,26296,12604,13846,26296,26450,8246,170,5431,NA,NA,NA,NA,NA,NA,NA,NA,NA,NA,NA,NA,NA,NA,NA,NA,NA,NA,NA,NA,NA
2012,561300,1037,0.018427365615282097,2090,0.03713904931141715,Employment services,245827,56275,191429,246374,247704,144323,1775,45330,547,1058,NA,NA,NA,NA,NA,324,-836,NA,NA,NA,NA,NA,NA,NA,NA,NA,NA,NA,NA
2012,561400,3686,0.12815074922643674,1740,0.06049438514758544,Business support services,67956,28763,38996,72092,67759,30258,747,7992,4136,3963,NA,NA,NA,NA,NA,244,-72,NA,NA,NA,NA,NA,NA,NA,NA,NA,NA,NA,NA
2012,561500,1002,0.05235656808443934,953,0.04979621695056955,Travel arrangement and reservation services,21400,19138,18588,37680,37726,11505,324,6759,16280,15829,NA,NA,NA,NA,NA,504,-54,NA,NA,NA,NA,NA,NA,NA,NA,NA,NA,NA,NA
2012,561600,2426,0.14384820634450043,988,0.05858286391935962,Investigation and security services,43593,16865,33782,52738,50647,27827,835,5120,9145,9129,NA,NA,NA,NA,NA,87,-71,NA,NA,NA,NA,NA,NA,NA,NA,NA,NA,NA,NA
2012,561700,18425,0.32520253455001147,5692,0.10046419683357749,Services to buildings and dwellings,126948,56657,84781,141831,141438,53239,2896,28646,14883,14823,NA,NA,NA,NA,NA,60,NA,NA,NA,NA,NA,NA,NA,NA,NA,NA,NA,NA,NA
2012,561900,3416,0.18453892280265788,895,0.0483496299497596,Other support services,30222,18511,23014,33951,41524,15375,605,7034,3728,3266,NA,NA,NA,NA,NA,462,NA,NA,NA,NA,NA,NA,NA,NA,NA,NA,NA,NA,NA
2012,562000,12494,0.30663885139280894,4201,0.10310467542029697,Waste management and remediation services,73341,40745,42820,96607,83565,24137,3142,15541,23266,23330,NA,NA,NA,NA,NA,59,-123,NA,NA,NA,NA,NA,NA,NA,NA,NA,NA,NA,NA
2012,611100,2011,0.26763375033271225,794,0.10566941708810221,Elementary and secondary schools,NA,7514,28530,41383,36044,26446,907,1177,41383,41383,NA,NA,NA,NA,NA,NA,NA,NA,NA,NA,NA,NA,NA,NA,NA,NA,NA,NA,NA
2012,611A00,7654,0.13563226538134393,1827,0.03237524808619223,"Junior colleges, colleges, universities, and professional schools",16425,56432,153474,221148,209906,106050,5203,42221,204723,203744,NA,NA,NA,NA,NA,1864,-884,NA,NA,NA,NA,NA,NA,NA,NA,NA,NA,NA,NA
2012,611B00,3387,0.10760921366163621,1408,0.044733915806195394,Other educational services,17629,31475,32187,72775,63662,28902,1827,1458,55146,55087,NA,NA,NA,NA,NA,733,-673,NA,NA,NA,NA,NA,NA,NA,NA,NA,NA,NA,NA
2012,621100,21932,0.16126470588235295,5857,0.04306617647058823,Offices of physicians,546,136000,283119,415134,419119,251407,3615,28096,414588,414493,NA,NA,NA,NA,NA,104,-8,NA,NA,NA,NA,NA,NA,NA,NA,NA,NA,NA,NA
2012,621200,11828,0.3225261091266054,1589,0.043328879557167396,Offices of dentists,NA,36673,70846,107178,107519,49184,839,20822,107178,107155,NA,NA,NA,NA,NA,31,-8,NA,NA,NA,NA,NA,NA,NA,NA,NA,NA,NA,NA
2012,621300,6794,0.2498804663650741,1820,0.06693883555849792,Offices of other health practitioners,2115,27189,59853,82621,87042,35653,1026,23175,80507,80484,NA,NA,NA,NA,NA,31,-8,NA,NA,NA,NA,NA,NA,NA,NA,NA,NA,NA,NA
2012,621400,6064,0.13975892507317522,992,0.02286293761091521,Outpatient care centers,992,43389,56986,102763,100374,21202,863,34920,101771,101743,NA,NA,NA,NA,NA,36,-8,NA,NA,NA,NA,NA,NA,NA,NA,NA,NA,NA,NA
2012,621500,5868,0.3199040505915063,996,0.05429864253393665,Medical and diagnostic laboratories,17090,18343,33951,52090,52294,21135,507,12309,35000,34977,NA,NA,NA,NA,NA,31,-8,NA,NA,NA,NA,NA,NA,NA,NA,NA,NA,NA,NA
2012,621600,3912,0.19917519474568504,1127,0.057379970469935336,Home health care services,NA,19641,50487,87334,70128,42439,732,7316,87334,87311,NA,NA,NA,NA,NA,31,-8,NA,NA,NA,NA,NA,NA,NA,NA,NA,NA,NA,NA
2012,621900,3945,0.2943151298119964,984,0.07341092211280215,Other ambulatory health care services,11371,13404,19373,33880,32777,14719,266,4387,22509,22486,NA,NA,NA,NA,NA,31,-8,NA,NA,NA,NA,NA,NA,NA,NA,NA,NA,NA,NA
2012,622000,58901,0.1894489348904978,14905,0.04794038088560245,Hospitals,411,310907,398472,852572,709379,329833,9040,59599,852161,853564,NA,NA,NA,NA,NA,934,-2337,NA,NA,NA,NA,NA,NA,NA,NA,NA,NA,NA,NA
2012,623A00,11949,0.17462915601023019,3115,0.04552429667519182,Nursing and community care facilities,1986,68425,99381,168311,167806,88771,4363,6247,166325,166302,NA,NA,NA,NA,NA,31,-8,NA,NA,NA,NA,NA,NA,NA,NA,NA,NA,NA,NA
2012,623B00,3375,0.23127526896457207,1005,0.06886863564722813,"Residential mental health, substance abuse, and other residential care facilities",536,14593,26582,41127,41175,24302,786,1494,40592,40569,NA,NA,NA,NA,NA,31,-8,NA,NA,NA,NA,NA,NA,NA,NA,NA,NA,NA,NA
2012,624100,7955,0.2261163696313351,2647,0.07523947585344362,Individual and family services,NA,35181,49350,80482,84532,48445,697,208,80482,80482,NA,NA,NA,NA,NA,NA,NA,NA,NA,NA,NA,NA,NA,NA,NA,NA,NA,NA,NA
2012,624400,3855,0.2689409794893261,418,0.02916143435189061,Child day care services,157,14334,28704,47135,43037,19193,574,8937,46979,46979,NA,NA,NA,NA,NA,NA,NA,NA,NA,NA,NA,NA,NA,NA,NA,NA,NA,NA,NA
2012,624A00,10296,0.42651201325600663,1853,0.07676056338028169,"Community food, housing, and other relief services, including vocational rehabilitation services",NA,24140,17970,43641,42110,17300,345,324,43641,43641,NA,NA,NA,NA,NA,NA,NA,NA,NA,NA,NA,NA,NA,NA,NA,NA,NA,NA,NA
2012,711100,308,0.04227285204501784,129,0.017705188031841887,Performing arts companies,5392,7286,13669,29192,20955,5490,792,7387,23801,19962,NA,3706,NA,NA,NA,409,-276,NA,NA,NA,NA,NA,NA,NA,NA,NA,NA,NA,NA
2012,711200,720,0.05682266593007655,252,0.019887933075526793,Spectator sports,16992,12671,25525,32995,38195,17151,1927,6446,16002,15968,NA,NA,NA,NA,NA,383,-348,NA,NA,NA,NA,NA,NA,NA,NA,NA,NA,NA,NA
2012,711500,96,0.022145328719723183,196,0.045213379469434836,"Independent artists, writers, and performers",32531,4335,31920,33506,36255,9320,2284,20315,975,140,NA,493,NA,NA,NA,342,0,NA,NA,NA,NA,NA,NA,NA,NA,NA,NA,NA,NA
2012,711A00,329,0.02490160460187708,135,0.010217983651226158,Promoters of performing arts and sports and agents for public figures,12632,13212,21984,24275,35196,7220,1905,12859,11643,11301,NA,NA,NA,NA,NA,563,-221,NA,NA,NA,NA,NA,NA,NA,NA,NA,NA,NA,NA
2012,712000,688,0.12488654928299146,67,0.012161916863314576,"Museums, historical sites, zoos, and parks",NA,5509,8658,14428,14167,4986,441,3231,14428,14428,NA,NA,NA,NA,NA,0,0,NA,NA,NA,NA,NA,NA,NA,NA,NA,NA,NA,NA
2012,713100,1671,0.3521601685985248,268,0.05648050579557429,Amusement parks and arcades,314,4745,11294,12154,16039,6630,2027,2637,11841,11841,NA,NA,NA,NA,NA,0,0,NA,NA,NA,NA,NA,NA,NA,NA,NA,NA,NA,NA
2012,713200,1689,0.14600622406639005,551,0.047631396957123096,Gambling industries (except casino hotels),654,11568,19645,90342,31213,7382,2206,10057,89689,89689,NA,NA,NA,NA,NA,0,0,NA,NA,NA,NA,NA,NA,NA,NA,NA,NA,NA,NA
2012,713900,6761,0.20180884723300102,1676,0.05002686406781685,Other amusement and recreation industries,5792,33502,39082,67191,72584,27919,5856,5307,61399,61399,NA,NA,NA,NA,NA,0,0,NA,NA,NA,NA,NA,NA,NA,NA,NA,NA,NA,NA
2012,721000,13469,0.156458001788888,4717,0.05479340666999663,Accommodation,50948,86087,128891,174874,214978,67344,22701,38846,123926,123926,NA,NA,NA,NA,NA,NA,NA,NA,NA,NA,NA,NA,NA,NA,NA,NA,NA,NA,NA
2012,722110,27587,0.2332070941890544,6678,0.056452567332240015,Full-service restaurants,66658,118294,160219,281331,278513,111390,18385,30444,214673,213634,NA,NA,NA,NA,NA,1039,NA,NA,NA,NA,NA,NA,NA,NA,NA,NA,NA,NA,NA
2012,722211,37271,0.26097215998207485,7310,0.05118474120546718,Limited-service restaurants,25922,142816,110972,299394,253788,62797,17387,30789,273472,272474,NA,NA,NA,NA,NA,998,NA,NA,NA,NA,NA,NA,NA,NA,NA,NA,NA,NA,NA
2012,722A00,5407,0.17552345398474273,1588,0.0515500730400909,All other food and drinking places,64961,30805,50875,149817,81680,41005,3974,5896,84856,84498,NA,NA,NA,NA,NA,358,NA,NA,NA,NA,NA,NA,NA,NA,NA,NA,NA,NA,NA
2012,811100,23970,0.4191658651744339,8973,0.1569117775640465,Automotive repair and maintenance,47538,57185,54127,185564,111312,35604,7128,11395,138026,137982,NA,NA,NA,NA,NA,44,NA,NA,NA,NA,NA,NA,NA,NA,NA,NA,NA,NA,NA
2012,811200,5181,0.4818190272482098,2589,0.24077001766948758,Electronic and precision equipment repair and maintenance,42510,10753,10116,47398,20869,8853,655,608,4888,4884,NA,NA,NA,NA,NA,4,NA,NA,NA,NA,NA,NA,NA,NA,NA,NA,NA,NA,NA
2012,811300,9566,0.5212226883888192,3871,0.21091919577180843,Commercial and industrial machinery and equipment repair and maintenance,60203,18353,15969,60218,34322,12461,1214,2294,15,NA,NA,NA,NA,NA,NA,15,NA,NA,NA,NA,NA,NA,NA,NA,NA,NA,NA,NA,NA
2012,811400,2229,0.4372302863868184,952,0.18673989799921537,Personal and household goods repair and maintenance,18597,5098,14302,32559,19400,3580,1060,9662,13962,17293,NA,NA,NA,NA,NA,4,-3335,NA,NA,NA,NA,NA,NA,NA,NA,NA,NA,NA,NA
2012,812100,2971,0.10655620113334768,756,0.02711426726920594,Personal care services,364,27882,40497,67692,68379,23398,2304,14794,67328,67328,NA,NA,NA,NA,NA,NA,NA,NA,NA,NA,NA,NA,NA,NA,NA,NA,NA,NA,NA
2012,812200,1423,0.15233914998394177,1719,0.18402740605930842,Death care services,NA,9341,10373,19194,19714,5686,779,3907,19194,19194,NA,NA,NA,NA,NA,NA,NA,NA,NA,NA,NA,NA,NA,NA,NA,NA,NA,NA,NA
2012,812300,2828,0.22112753147235906,1415,0.11064195793259833,Dry-cleaning and laundry services,13787,12789,13240,25676,26029,11595,1187,457,11888,11888,NA,NA,NA,NA,NA,NA,NA,NA,NA,NA,NA,NA,NA,NA,NA,NA,NA,NA,NA
2012,812900,2003,0.0908266449009205,836,0.03790867455674965,Other personal services,7860,22053,31456,63677,53509,12067,1914,17474,55817,55817,NA,NA,NA,NA,NA,NA,NA,NA,NA,NA,NA,NA,NA,NA,NA,NA,NA,NA,NA
2012,813100,4229,0.07862640835905255,1060,0.01970773063622504,Religious organizations,NA,53786,28879,82389,82664,19489,217,9173,82389,82389,NA,NA,NA,NA,NA,NA,NA,NA,NA,NA,NA,NA,NA,NA,NA,NA,NA,NA,NA
2012,813A00,162,0.07040417209908735,63,0.027379400260756193,"Grantmaking, giving, and social advocacy organizations",213,2301,42117,43814,44419,34762,806,6549,43601,43601,NA,NA,NA,NA,NA,NA,NA,NA,NA,NA,NA,NA,NA,NA,NA,NA,NA,NA,NA
2012,813B00,1213,0.1544239338001273,259,0.03297262889879058,"Civic, social, professional, and similar organizations",17379,7855,70229,72892,78084,66112,1632,2485,55513,55260,NA,NA,NA,NA,NA,253,NA,NA,NA,NA,NA,NA,NA,NA,NA,NA,NA,NA,NA
2017,1111A0,2643,0.12863191706818514,992,0.0482795541928262,Oilseed farming,28126,20547,17670,37922,38216,1062,1112,15495,9796,NA,NA,NA,NA,NA,-1330,12088,-963,NA,NA,NA,NA,NA,NA,NA,NA,NA,NA,NA,NA
2017,1111B0,12054,0.2507332293291732,4149,0.08630265210608425,Grain farming,49593,48075,9807,57259,57882,3149,-8237,14896,7666,2483,NA,NA,NA,NA,-2056,8886,-1647,NA,NA,NA,NA,NA,NA,NA,NA,NA,NA,NA,NA
2017,111200,3121,0.2929141248240263,983,0.09225715626466448,Vegetable and melon farming,5352,10655,8151,18582,18806,2497,489,5165,13231,19881,NA,NA,NA,NA,-673,2426,-8403,NA,NA,NA,NA,NA,NA,NA,NA,NA,NA,NA,NA
2017,111300,2662,0.22707498080696067,985,0.08402286104239529,Fruit and tree nut farming,19564,11723,18235,29731,29958,5182,826,12227,10167,24499,NA,NA,NA,NA,-758,5750,-19324,NA,NA,NA,NA,NA,NA,NA,NA,NA,NA,NA,NA
2017,111400,2205,0.22885313959522574,792,0.08220031136481577,"Greenhouse, nursery, and floriculture production",8573,9635,10233,19868,19868,5456,362,4415,11295,13189,NA,NA,NA,NA,84,710,-2688,NA,NA,NA,NA,NA,NA,NA,NA,NA,NA,NA,NA
2017,111900,5125,0.29295758545787126,2194,0.12541442780381845,Other crop farming,17468,17494,9081,24875,26575,4823,-41,4298,7407,3958,NA,NA,NA,NA,-823,5880,-1608,NA,NA,NA,NA,NA,NA,NA,NA,NA,NA,NA,NA
2017,112120,10604,0.3666413111126478,2194,0.0758592075236844,Dairy cattle and milk production,37794,28922,9616,38106,38538,2179,853,6583,312,165,NA,NA,NA,NA,100,57,-9,NA,NA,NA,NA,NA,NA,NA,NA,NA,NA,NA,NA
2017,1121A0,9246,0.15219753086419754,1547,0.02546502057613169,"Beef cattle ranching and farming, including feedlots and dual-purpose ranching and farming",87749,60750,27302,87445,88052,1231,1890,24181,-304,97,NA,NA,NA,NA,1101,157,-1659,NA,NA,NA,NA,NA,NA,NA,NA,NA,NA,NA,NA
2017,112300,14454,0.372948704716689,771,0.019893693879657344,Poultry and egg production,38022,38756,5812,44165,44568,2521,1051,2239,6142,5227,NA,NA,NA,NA,352,665,-102,NA,NA,NA,NA,NA,NA,NA,NA,NA,NA,NA,NA
2017,112A00,2479,0.24211348764527785,583,0.05693915421427874,"Animal production, except cattle and poultry and eggs",30341,10239,22827,33237,33065,2761,985,19081,2896,6023,NA,NA,NA,NA,423,1244,-4794,NA,NA,NA,NA,NA,NA,NA,NA,NA,NA,NA,NA
2017,113000,114,0.014006634721710284,17,0.0020887086865708318,Forestry and logging,21521,8139,10665,21325,18803,8288,461,1916,-197,NA,NA,NA,NA,NA,385,2028,-2610,NA,NA,NA,NA,NA,NA,NA,NA,NA,NA,NA,NA
2017,114000,848,0.41507586882036224,276,0.13509544787077826,"Fishing, hunting and trapping",13509,2043,6886,9239,8929,895,647,5344,-4270,6448,NA,NA,NA,NA,49,4400,-15167,NA,NA,NA,NA,NA,NA,NA,NA,NA,NA,NA,NA
2017,115000,2096,0.411545258197526,802,0.1574710386805419,Support activities for agriculture and forestry,29649,5093,20557,29718,25650,16148,561,3848,69,124,NA,NA,NA,NA,NA,86,-141,NA,NA,NA,NA,NA,NA,NA,NA,NA,NA,NA,NA
2017,211000,20141,0.21684269457274205,8930,0.096142458792244,Oil and gas extraction,331961,92883,161111,212664,253994,29293,31625,100192,-119298,NA,NA,NA,NA,NA,-3057,30506,-146746,NA,NA,NA,NA,NA,NA,NA,NA,NA,NA,NA,NA
2017,212100,4809,0.2716949152542373,1517,0.08570621468926554,Coal mining,24275,17700,19217,27801,36917,5561,2138,11518,3526,121,NA,NA,NA,NA,-702,4683,-575,NA,NA,NA,NA,NA,NA,NA,NA,NA,NA,NA,NA
2017,212230,984,0.15045871559633028,273,0.04174311926605505,"Copper, nickel, lead, and zinc mining",8332,6540,7073,11688,13613,1562,639,4873,3356,NA,NA,NA,NA,NA,86,3378,-109,NA,NA,NA,NA,NA,NA,NA,NA,NA,NA,NA,NA
2017,2122A0,3113,0.3407399299474606,925,0.1012478108581436,"Iron, gold, silver, and other metal ore mining",11364,9136,6804,15627,15940,2866,727,3212,4263,NA,104,NA,NA,NA,-208,6484,-2116,NA,NA,NA,NA,NA,NA,NA,NA,NA,NA,NA,NA
2017,212310,1778,0.23738317757009345,600,0.0801068090787717,Stone mining and quarrying,14715,7490,9260,14477,16750,3221,736,5303,-238,NA,NA,NA,NA,NA,-13,104,-329,NA,NA,NA,NA,NA,NA,NA,NA,NA,NA,NA,NA
2017,2123A0,2552,0.2926605504587156,863,0.09896788990825688,Other nonmetallic mineral mining and quarrying,15904,8720,9911,14883,18631,4414,923,4575,-1021,52,NA,NA,NA,NA,-285,1199,-1987,NA,NA,NA,NA,NA,NA,NA,NA,NA,NA,NA,NA
2017,213111,3528,0.2542336239821287,1234,0.08892411904590329,Drilling oil and gas wells,39,13877,13134,28579,27011,6659,586,5888,28540,NA,NA,NA,NA,28550,-10,NA,NA,NA,NA,NA,NA,NA,NA,NA,NA,NA,NA,NA,NA
2017,21311A,10524,0.26897715074375095,3629,0.09275162296171344,Other support activities for mining,16455,39126,40792,89691,79918,23306,1654,15832,73237,NA,2288,NA,NA,69029,-77,3045,-1048,NA,NA,NA,NA,NA,NA,NA,NA,NA,NA,NA,NA
2017,221100,12854,0.09814386390880424,6369,0.04862908582816043,"Electric power generation, transmission, and distribution",277787,130971,258457,455762,389429,60608,49754,148096,177974,177661,NA,NA,NA,NA,NA,2744,-2431,NA,NA,NA,NA,NA,NA,NA,NA,NA,NA,NA,NA
2017,221200,780,0.03244862301356186,1205,0.05012896247607954,Natural gas distribution,31503,24038,45515,80214,69553,16820,10658,18036,48711,48152,NA,NA,NA,NA,NA,559,NA,NA,NA,NA,NA,NA,NA,NA,NA,NA,NA,NA,NA
2017,221300,475,0.08799555390885513,219,0.04057058169692479,"Water, sewage and other systems",40658,5398,9739,80967,15137,4150,1358,4230,40309,39603,NA,NA,NA,NA,NA,705,NA,NA,NA,NA,NA,NA,NA,NA,NA,NA,NA,NA,NA
2017,230301,48822,0.49324119536885497,8487,0.08574286233860702,Nonresidential maintenance and repair,204348,98982,102147,204428,201129,61068,1613,39466,81,NA,NA,NA,NA,NA,NA,81,NA,NA,NA,NA,NA,NA,NA,NA,NA,NA,NA,NA,NA
2017,230302,16292,0.4510770253059416,2970,0.08223046680325599,Residential maintenance and repair,84450,36118,44445,84468,80563,27928,694,15823,18,NA,NA,NA,NA,NA,NA,18,NA,NA,NA,NA,NA,NA,NA,NA,NA,NA,NA,NA,NA
2017,233210,9717,0.6184838648080963,4133,0.26306409521990964,Health care structures,NA,15711,29314,47123,45025,20279,198,8837,47123,NA,NA,NA,NA,37725,NA,NA,NA,NA,NA,NA,1146,NA,NA,NA,2098,NA,NA,NA,6153
2017,233230,16272,0.5977957384276268,4465,0.16403379867744305,Manufacturing structures,NA,27220,36302,70668,63523,23542,293,12468,70668,NA,NA,NA,NA,69970,NA,NA,NA,NA,NA,NA,401,NA,NA,NA,296,NA,NA,NA,1
2017,233240,14877,0.45569271295984315,2902,0.08889025025270315,Power and communication structures,NA,32647,69439,123629,102085,38811,591,30037,123629,NA,NA,NA,NA,113346,NA,NA,NA,NA,NA,NA,62,NA,NA,NA,714,NA,NA,NA,9507
2017,233262,25952,0.629368255123075,10977,0.2662058930520189,Educational and vocational structures,NA,41235,53551,101181,94786,34543,408,18600,101181,NA,NA,NA,NA,20501,NA,NA,NA,NA,NA,NA,1256,NA,NA,NA,211,NA,NA,NA,79213
2017,2332A0,49677,0.6286397631069436,6897,0.08727838730496185,Office and commercial structures,NA,79023,81219,169386,160242,54088,679,26452,169386,NA,NA,NA,NA,143467,NA,NA,NA,NA,NA,NA,1421,NA,NA,NA,2352,NA,NA,NA,22145
2017,2332C0,35230,0.552358852949938,4341,0.06806102130728586,Transportation structures and highways and streets,NA,63781,71807,143054,135588,44513,718,26576,143054,NA,NA,NA,NA,14795,NA,NA,NA,NA,NA,NA,871,NA,NA,NA,2183,NA,NA,NA,125205
2017,2332D0,26786,0.5552308106875609,3384,0.07014489148684783,Other nonresidential structures,NA,48243,65920,123210,114163,42882,627,22411,123210,NA,NA,NA,NA,66380,NA,NA,NA,NA,NA,NA,2103,NA,NA,NA,4990,NA,NA,NA,49737
2017,233411,53880,0.45373013667483514,9045,0.0761690624763156,Single-family residential structures,NA,118749,135891,270471,254640,94603,1308,39980,270471,NA,NA,NA,270163,NA,NA,NA,NA,NA,NA,NA,26,NA,NA,NA,NA,NA,NA,NA,281
2017,233412,15082,0.44198927409665034,2055,0.06022330979105003,Multifamily residential structures,NA,34123,40970,79772,75093,25691,541,14739,79772,NA,NA,NA,74011,NA,NA,NA,NA,NA,NA,NA,610,NA,NA,NA,NA,NA,NA,NA,5151
2017,2334A0,65443,0.46114223302681184,11041,0.07780009160412923,Other residential structures,5795,141915,109213,252295,251129,52475,2445,54293,246499,NA,NA,NA,242834,NA,NA,NA,NA,NA,NA,NA,65,NA,NA,NA,NA,NA,NA,NA,3601
2017,311111,10668,0.6290836183512206,1477,0.08709753508668475,Dog and cat food manufacturing,4840,16958,6330,23089,23289,2252,217,3862,18250,17722,NA,NA,NA,NA,223,1135,-830,NA,NA,NA,NA,NA,NA,NA,NA,NA,NA,NA,NA
2017,311119,10712,0.39787542250120717,1789,0.0664487612821751,Other animal food manufacturing,26889,26923,4769,30795,31691,2497,381,1890,3906,2340,NA,NA,NA,NA,207,1988,-630,NA,NA,NA,NA,NA,NA,NA,NA,NA,NA,NA,NA
2017,311210,1271,0.0984355638166047,628,0.04863692688971499,Flour milling and malt manufacturing,11883,12912,3504,15154,16417,1576,150,1779,3271,3039,NA,NA,NA,NA,216,1612,-1596,NA,NA,NA,NA,NA,NA,NA,NA,NA,NA,NA,NA
2017,311221,472,0.06290817006530722,185,0.02465680394508863,Wet corn milling,11054,7503,2244,13236,9747,1565,77,602,2182,1863,NA,NA,NA,NA,-21,1430,-1090,NA,NA,NA,NA,NA,NA,NA,NA,NA,NA,NA,NA
2017,311224,3317,0.1131966010306112,597,0.02037334061358905,Soybean and other oilseed processing,29757,29303,3883,30215,33186,716,765,2402,459,2714,NA,NA,NA,NA,307,5066,-7629,NA,NA,NA,NA,NA,NA,NA,NA,NA,NA,NA,NA
2017,311225,5222,0.6475694444444444,334,0.04141865079365079,Fats and oils refining and blending,6605,8064,1430,9946,9494,538,90,803,3341,3107,NA,NA,NA,NA,70,399,-235,NA,NA,NA,NA,NA,NA,NA,NA,NA,NA,NA,NA
2017,311230,4657,0.6515109121432568,406,0.056799104644655846,Breakfast cereal manufacturing,213,7148,2993,9529,10141,1262,74,1657,9315,9192,NA,NA,NA,NA,58,560,-495,NA,NA,NA,NA,NA,NA,NA,NA,NA,NA,NA,NA
2017,311300,14036,0.5155744930943286,4337,0.15930796356156332,Sugar and confectionery product manufacturing,15673,27224,9830,38002,37054,4924,300,4606,22329,27453,NA,NA,NA,NA,130,2497,-7751,NA,NA,NA,NA,NA,NA,NA,NA,NA,NA,NA,NA
2017,311410,10101,0.4355756791720569,2034,0.08771021992238033,Frozen food manufacturing,6227,23190,9287,32322,32477,5260,228,3799,26095,27834,NA,NA,NA,NA,105,1667,-3511,NA,NA,NA,NA,NA,NA,NA,NA,NA,NA,NA,NA
2017,311420,14668,0.5749225884843021,2936,0.1150785873868224,"Fruit and vegetable canning, pickling, and drying",17563,25513,8015,39658,33528,4977,259,2779,22095,25702,NA,NA,NA,NA,268,3388,-7263,NA,NA,NA,NA,NA,NA,NA,NA,NA,NA,NA,NA
2017,311513,15296,0.3844761713251558,1253,0.03149507339634024,Cheese manufacturing,24923,39784,8096,42587,47880,3433,424,4238,17664,17247,NA,NA,NA,NA,85,1650,-1318,NA,NA,NA,NA,NA,NA,NA,NA,NA,NA,NA,NA
2017,311514,7467,0.449169874879692,1203,0.07236525505293552,"Dry, condensed, and evaporated dairy product manufacturing",10247,16624,7254,21566,23878,2428,183,4642,11320,9647,NA,NA,NA,NA,111,2642,-1080,NA,NA,NA,NA,NA,NA,NA,NA,NA,NA,NA,NA
2017,31151A,10029,0.2845510001418641,1260,0.03574975173783516,Fluid milk and butter manufacturing,16548,35245,8618,41308,43864,4483,447,3688,24760,24544,NA,NA,NA,NA,216,572,-572,NA,NA,NA,NA,NA,NA,NA,NA,NA,NA,NA,NA
2017,311520,3227,0.5566672416767293,389,0.0671036743143005,Ice cream and frozen dessert manufacturing,5223,5797,1993,7321,7789,1312,71,609,2098,1881,NA,NA,NA,NA,27,262,-72,NA,NA,NA,NA,NA,NA,NA,NA,NA,NA,NA,NA
2017,311615,13146,0.2640607424071991,835,0.016772457014301783,Poultry processing,28499,49784,17782,67787,67566,9788,489,7504,39288,35940,NA,NA,NA,NA,261,3574,-487,NA,NA,NA,NA,NA,NA,NA,NA,NA,NA,NA,NA
2017,31161A,29059,0.23453970201294613,5607,0.04525496779609033,"Animal (except poultry) slaughtering, rendering, and processing",70860,123898,24794,149079,148693,15290,1068,8436,78220,71550,NA,NA,NA,NA,624,15458,-9412,NA,NA,NA,NA,NA,NA,NA,NA,NA,NA,NA,NA
2017,311700,2370,0.22013746981237228,5168,0.48002972320267506,Seafood product preparation and packaging,11713,10766,3071,13836,13837,2049,105,917,2123,6329,NA,NA,NA,NA,-33,361,-4534,NA,NA,NA,NA,NA,NA,NA,NA,NA,NA,NA,NA
2017,311810,12783,0.4536839863713799,2292,0.08134582623509369,Bread and bakery product manufacturing,10890,28176,15025,52406,43201,10867,415,3742,41516,44483,NA,NA,NA,NA,326,1418,-4711,NA,NA,NA,NA,NA,NA,NA,NA,NA,NA,NA,NA
2017,3118A0,9993,0.5563411646809933,1302,0.0724863600935308,"Cookie, cracker, pasta, and tortilla manufacturing",2349,17962,8606,23678,26568,4624,381,3600,21329,21597,NA,NA,NA,NA,145,478,-892,NA,NA,NA,NA,NA,NA,NA,NA,NA,NA,NA,NA
2017,311910,9643,0.37224474039760663,1732,0.0668596795985331,Snack food manufacturing,8458,25905,13086,39283,38990,3548,512,9025,30825,28768,NA,NA,NA,NA,454,5003,-3400,NA,NA,NA,NA,NA,NA,NA,NA,NA,NA,NA,NA
2017,311920,3472,0.33304556354916065,4271,0.4096882494004796,Coffee and tea manufacturing,6562,10425,3374,13325,13798,1465,116,1793,6763,7850,NA,NA,NA,NA,36,1007,-2129,NA,NA,NA,NA,NA,NA,NA,NA,NA,NA,NA,NA
2017,311930,2396,0.4057578323454699,801,0.13564775613886537,Flavoring syrup and concentrate manufacturing,13085,5905,5891,11780,11796,2398,92,3401,-1304,597,NA,NA,NA,NA,114,467,-2483,NA,NA,NA,NA,NA,NA,NA,NA,NA,NA,NA,NA
2017,311940,7501,0.5009349539201282,1682,0.11232803526111927,Seasoning and dressing manufacturing,9728,14974,6793,22242,21767,3198,195,3400,12514,13534,NA,NA,NA,NA,79,1328,-2427,NA,NA,NA,NA,NA,NA,NA,NA,NA,NA,NA,NA
2017,311990,6615,0.29034806654084183,5410,0.23745775358820173,All other food manufacturing,8614,22783,7049,31959,29832,4562,232,2254,23345,22683,NA,NA,NA,NA,255,4014,-3607,NA,NA,NA,NA,NA,NA,NA,NA,NA,NA,NA,NA
2017,312110,21216,0.6720729853015712,6088,0.19285352255448557,Soft drink and ice manufacturing,5237,31568,13468,45168,45037,7570,471,5427,39931,42246,NA,NA,NA,NA,409,1189,-3912,NA,NA,NA,NA,NA,NA,NA,NA,NA,NA,NA,NA
2017,312120,11047,0.6303926044282128,1061,0.060545537548504905,Breweries,10524,17524,14945,32126,32469,4290,3132,7523,21602,25930,NA,NA,NA,NA,429,510,-5266,NA,NA,NA,NA,NA,NA,NA,NA,NA,NA,NA,NA
2017,312130,3799,0.29698248905565977,1897,0.14829580988117574,Wineries,7849,12792,9282,21346,22074,3727,1047,4507,13497,19401,NA,NA,NA,NA,910,1012,-7826,NA,NA,NA,NA,NA,NA,NA,NA,NA,NA,NA,NA
2017,312140,3686,0.4970334412081985,283,0.038160733549083066,Distilleries,12314,7416,8872,19090,16287,1208,4265,3398,6776,12490,NA,NA,NA,NA,-17,670,-6367,NA,NA,NA,NA,NA,NA,NA,NA,NA,NA,NA,NA
2017,312200,7463,0.47267084679207044,1212,0.07676230286908607,Tobacco manufacturing,4073,15789,44981,61142,60770,1673,13856,29452,57070,56674,NA,NA,NA,NA,315,1091,-1011,NA,NA,NA,NA,NA,NA,NA,NA,NA,NA,NA,NA
2017,313100,2495,0.45746241290795747,529,0.09699303263659699,"Fiber, yarn, and thread mills",2322,5454,1632,3279,7085,1394,87,150,957,44,NA,NA,NA,NA,-23,1531,-595,NA,NA,NA,NA,NA,NA,NA,NA,NA,NA,NA,NA
2017,313200,5656,0.6368652178808692,1184,0.133318320009008,Fabric mills,12607,8881,4394,10568,13275,3137,165,1092,-2039,876,5,NA,NA,NA,-116,2524,-5328,NA,NA,NA,NA,NA,NA,NA,NA,NA,NA,NA,NA
2017,313300,3188,0.6608623548922057,1140,0.236318407960199,Textile and fabric finishing and fabric coating mills,8761,4824,2213,8557,7037,1823,83,307,-204,507,NA,NA,NA,NA,-92,941,-1560,NA,NA,NA,NA,NA,NA,NA,NA,NA,NA,NA,NA
2017,314110,4887,0.7900096993210475,899,0.145328160362108,Carpet and rug mills,3381,6186,3572,9612,9757,1884,122,1567,6231,6282,1724,NA,560,NA,-199,701,-2870,NA,NA,NA,NA,NA,4,NA,NA,NA,29,NA,NA
2017,314120,1534,0.689438202247191,594,0.2669662921348315,Curtain and linen mills,7200,2225,1283,3938,3508,941,43,299,-3262,9489,NA,NA,NA,NA,-14,783,-13520,NA,NA,NA,NA,NA,NA,NA,NA,NA,NA,NA,NA
2017,314900,3247,0.6697607260726073,823,0.16976072607260725,Other textile product mills,11911,4848,4193,9850,9041,3122,84,987,-2061,3850,NA,NA,NA,NA,69,2012,-8055,NA,NA,NA,NA,NA,63,NA,NA,NA,NA,NA,NA
2017,315000,1632,0.44492911668484186,654,0.17829880043620502,Apparel manufacturing,7491,3668,7209,11586,10877,6329,200,680,4095,100488,NA,NA,NA,NA,-159,2194,-98428,NA,NA,NA,NA,NA,NA,NA,NA,NA,NA,NA,NA
2017,316000,922,0.3554356206630686,458,0.17656129529683887,Leather and allied product manufacturing,3380,2594,2240,4963,4834,1556,95,588,1584,43143,NA,NA,NA,NA,204,1897,-43661,NA,NA,NA,NA,NA,NA,NA,NA,NA,NA,NA,NA
2017,321100,7876,0.33215249662618085,1631,0.06878373819163293,Sawmills and wood preservation,40099,23712,9303,35953,33015,5479,244,3580,-4146,NA,NA,NA,NA,NA,-62,3591,-7675,NA,NA,NA,NA,NA,NA,NA,NA,NA,NA,NA,NA
2017,321200,9443,0.5979231305008548,1946,0.12321914772367505,"Veneer, plywood, and engineered wood product manufacturing",30215,15793,8778,23986,24572,4885,171,3722,-6230,NA,NA,NA,NA,NA,45,1044,-7319,NA,NA,NA,NA,NA,NA,NA,NA,NA,NA,NA,NA
2017,321910,10308,0.6293424506990659,2114,0.1290677086513218,Millwork,23990,16379,9273,21939,25652,5811,196,3266,-2051,NA,NA,NA,NA,NA,124,305,-2480,NA,NA,NA,NA,NA,NA,NA,NA,NA,NA,NA,NA
2017,3219A0,10850,0.64265829532666,2765,0.16377421074453594,All other wood product manufacturing,18202,16883,8333,25216,25216,6087,159,2088,7014,3143,NA,NA,6305,513,84,752,-3800,NA,NA,NA,NA,NA,16,NA,NA,NA,NA,NA,NA
2017,322110,2193,0.45422535211267606,577,0.11951118475559237,Pulp mills,5626,4828,1997,7436,6825,546,64,1387,1810,NA,NA,NA,NA,NA,-73,4898,-3015,NA,NA,NA,NA,NA,NA,NA,NA,NA,NA,NA,NA
2017,322120,14254,0.5692946720984104,4505,0.17992651170221263,Paper mills,24687,25038,12704,36462,37742,6588,343,5773,11775,11736,NA,NA,NA,NA,-92,8286,-8156,NA,NA,NA,NA,NA,NA,NA,NA,NA,NA,NA,NA
2017,322130,8848,0.4017800381436745,3011,0.13672690945418217,Paperboard mills,33267,22022,10814,32235,32836,3313,308,7194,-1032,NA,NA,NA,NA,NA,243,232,-1508,NA,NA,NA,NA,NA,NA,NA,NA,NA,NA,NA,NA
2017,322210,31948,0.6645864536528541,5086,0.10579963388250957,Paperboard container manufacturing,61193,48072,16667,62202,64739,11028,693,4946,1009,771,NA,NA,NA,NA,286,2118,-2166,NA,NA,NA,NA,NA,NA,NA,NA,NA,NA,NA,NA
2017,322220,10296,0.7052054794520548,2070,0.14178082191780822,Paper bag and coated and treated paper manufacturing,20453,14600,6868,20795,21468,4281,203,2385,342,1895,NA,NA,NA,NA,39,3824,-5416,NA,NA,NA,NA,NA,NA,NA,NA,NA,NA,NA,NA
2017,322230,2511,0.577639751552795,492,0.1131815044858523,Stationery product manufacturing,5430,4347,1345,6223,5692,1063,57,225,793,742,NA,NA,NA,NA,-34,405,-320,NA,NA,NA,NA,NA,NA,NA,NA,NA,NA,NA,NA
2017,322291,5534,0.7297903204536463,1066,0.14057760780693657,Sanitary paper product manufacturing,5146,7583,3807,12030,11391,2476,111,1220,6883,7043,NA,NA,NA,NA,230,616,-1006,NA,NA,NA,NA,NA,NA,NA,NA,NA,NA,NA,NA
2017,322299,1567,0.5383029886636894,438,0.15046375815870836,All other converted paper product manufacturing,4779,2911,1694,4543,4605,1091,44,558,-236,490,NA,NA,NA,NA,13,226,-966,NA,NA,NA,NA,NA,NA,NA,NA,NA,NA,NA,NA
2017,323110,22389,0.5333126890736285,5873,0.13989661989947832,Printing,62067,41981,38751,64488,80732,24702,748,13301,2421,2802,NA,NA,NA,NA,277,1925,-2583,NA,NA,NA,NA,NA,NA,NA,NA,NA,NA,NA,NA
2017,323120,480,0.3582089552238806,109,0.08134328358208955,Support activities for printing,4380,1340,1857,4410,3197,1531,28,298,29,NA,NA,NA,NA,NA,-18,64,-17,NA,NA,NA,NA,NA,NA,NA,NA,NA,NA,NA,NA
2017,324110,35127,0.08837914949504098,148601,0.3738784978538613,Petroleum refineries,281507,397458,97220,478145,494678,14705,3586,78929,196639,169120,NA,NA,NA,NA,-5048,84845,-52278,NA,NA,NA,NA,NA,NA,NA,NA,NA,NA,NA,NA
2017,324121,5145,0.499320652173913,863,0.08375388198757763,Asphalt paving mixture and block manufacturing,13212,10304,2924,13168,13228,1601,130,1194,-44,NA,NA,NA,NA,NA,-94,139,-88,NA,NA,NA,NA,NA,NA,NA,NA,NA,NA,NA,NA
2017,324122,4129,0.5990134919483534,741,0.10750036268678369,Asphalt shingle and coating materials manufacturing,10629,6893,3991,10571,10884,1314,136,2541,-58,NA,NA,NA,NA,NA,-129,340,-269,NA,NA,NA,NA,NA,NA,NA,NA,NA,NA,NA,NA
2017,324190,8195,0.6078024178595268,2478,0.18378699102573612,Other petroleum and coal products manufacturing,19491,13483,6521,27852,20004,1810,144,4567,8362,7201,NA,NA,NA,NA,-39,1313,-113,NA,NA,NA,NA,NA,NA,NA,NA,NA,NA,NA,NA
2017,325110,19453,0.6182228437043158,4694,0.14917688934087586,Petrochemical manufacturing,64057,31466,22746,63437,54211,4508,932,17305,-620,NA,NA,NA,NA,NA,156,5462,-6238,NA,NA,NA,NA,NA,NA,NA,NA,NA,NA,NA,NA
2017,325120,1756,0.2889583676155998,494,0.08129011025176897,Industrial gas manufacturing,9337,6077,3522,9709,9599,2454,195,873,373,363,NA,NA,NA,NA,-237,462,-215,NA,NA,NA,NA,NA,NA,NA,NA,NA,NA,NA,NA
2017,325130,1387,0.31302189122094337,770,0.17377567140600317,Synthetic dye and pigment manufacturing,6248,4431,2551,6678,6982,1359,133,1058,430,NA,NA,NA,NA,NA,70,2647,-2287,NA,NA,NA,NA,NA,NA,NA,NA,NA,NA,NA,NA
2017,325180,7706,0.4503009408052358,2464,0.14398410565067493,Other basic inorganic chemical manufacturing,29981,17113,14392,33613,31504,4986,579,8826,3632,19,1628,NA,NA,NA,-99,10936,-8851,NA,NA,NA,NA,NA,NA,NA,NA,NA,NA,NA,NA
2017,325190,40589,0.4751474995317475,8118,0.0950318411687582,Other basic organic chemical manufacturing,120937,85424,30937,117608,116361,6309,2128,22500,-3329,642,NA,NA,NA,NA,165,27845,-31981,NA,NA,NA,NA,NA,NA,NA,NA,NA,NA,NA,NA
2017,325211,48252,0.7297199201500212,9503,0.14371483878773214,Plastics material and resin manufacturing,76307,66124,22592,88537,88717,7285,1579,13728,12230,NA,NA,NA,NA,NA,617,26239,-14625,NA,NA,NA,NA,NA,NA,NA,NA,NA,NA,NA,NA
2017,3252A0,6693,0.6690992702189343,1169,0.11686494051784464,Synthetic rubber and artificial and synthetic fibers and filaments manufacturing,19396,10003,5151,19890,15155,3752,280,1119,494,NA,NA,NA,NA,NA,-22,5110,-4595,NA,NA,NA,NA,NA,NA,NA,NA,NA,NA,NA,NA
2017,325310,3931,0.40584348544290727,1199,0.12378690894073921,Fertilizer manufacturing,21019,9686,7473,17142,17159,2291,321,4861,-3876,141,NA,NA,NA,NA,335,2316,-6669,NA,NA,NA,NA,NA,NA,NA,NA,NA,NA,NA,NA
2017,325320,6592,0.7286393279540179,2140,0.2365425002763347,Pesticide and other agricultural chemical manufacturing,12955,9047,5859,15045,14906,1607,262,3989,2090,1157,NA,NA,NA,NA,196,2594,-1856,NA,NA,NA,NA,NA,NA,NA,NA,NA,NA,NA,NA
2017,325411,3874,0.5107448912326961,3698,0.4875411997363217,Medicinal and botanical manufacturing,10975,7585,7423,11136,15008,3941,251,3231,161,NA,NA,NA,NA,NA,177,78,-94,NA,NA,NA,NA,NA,NA,NA,NA,NA,NA,NA,NA
2017,325412,38183,0.5306806020764131,32865,0.456769190143292,Pharmaceutical preparation manufacturing,18734,71951,114477,152158,186428,31768,7364,75346,133425,196765,NA,NA,NA,NA,5524,22123,-90987,NA,NA,NA,NA,NA,NA,NA,NA,NA,NA,NA,NA
2017,325413,4660,0.5694732983013565,1513,0.18489551509226446,In-vitro diagnostic substance manufacturing,13245,8183,9440,13372,17623,3391,313,5736,127,NA,NA,NA,NA,NA,46,117,-37,NA,NA,NA,NA,NA,NA,NA,NA,NA,NA,NA,NA
2017,325414,8039,0.5764790247400502,7087,0.5082108282538544,Biological product (except diagnostic) manufacturing,64901,13945,22023,31287,35968,4648,819,16555,-33615,NA,NA,NA,NA,NA,1905,15804,-51323,NA,NA,NA,NA,NA,NA,NA,NA,NA,NA,NA,NA
2017,325510,11795,0.6826600300960759,3001,0.17368908438476677,Paint and coating manufacturing,23433,17278,10589,27121,27867,3705,528,6356,3689,2362,NA,NA,NA,NA,225,2345,-1244,NA,NA,NA,NA,NA,NA,NA,NA,NA,NA,NA,NA
2017,325520,6000,0.6715916722632639,1655,0.18524736959928365,Adhesive manufacturing,12338,8934,6110,15213,15044,2209,266,3635,2875,1630,NA,NA,NA,NA,99,1833,-687,NA,NA,NA,NA,NA,NA,NA,NA,NA,NA,NA,NA
2017,325610,12970,0.6631218364947083,2792,0.14274758423232273,Soap and cleaning compound manufacturing,16245,19559,20074,36904,39633,5616,796,13663,20658,17539,NA,NA,NA,NA,15,6443,-3339,NA,NA,NA,NA,NA,NA,NA,NA,NA,NA,NA,NA
2017,325620,11842,0.5878673550436855,3228,0.1602462271644162,Toilet preparation manufacturing,5373,20144,23113,37955,43256,4343,1047,17723,32583,33003,NA,NA,NA,NA,315,7423,-8158,NA,NA,NA,NA,NA,NA,NA,NA,NA,NA,NA,NA
2017,325910,1958,0.6662129976182375,488,0.16604287172507656,Printing ink manufacturing,3700,2939,1347,4286,4286,753,80,514,585,NA,NA,NA,NA,NA,28,723,-165,NA,NA,NA,NA,NA,NA,NA,NA,NA,NA,NA,NA
2017,3259A0,17162,0.6201040612805319,4295,0.15518861107096402,All other chemical product and preparation manufacturing,37914,27676,15266,40929,42943,6756,823,7688,3015,2038,NA,NA,NA,NA,73,6636,-5732,NA,NA,NA,NA,NA,NA,NA,NA,NA,NA,NA,NA
2017,326110,19880,0.7171717171717171,3902,0.14076479076479076,Plastics packaging materials and unlaminated film and sheet manufacturing,37419,27720,11513,40136,39233,6831,292,4390,2717,2803,NA,NA,NA,NA,121,4507,-4714,NA,NA,NA,NA,NA,NA,NA,NA,NA,NA,NA,NA
2017,326120,8579,0.7033120183636662,1715,0.14059681915068045,"Plastics pipe, pipe fitting, and unlaminated profile shape manufacturing",17467,12198,6611,17757,18809,3541,139,2931,290,NA,NA,NA,NA,NA,291,1329,-1330,NA,NA,NA,NA,NA,NA,NA,NA,NA,NA,NA,NA
2017,326130,1727,0.6611791730474732,342,0.13093415007656967,"Laminated plastics plate, sheet (except packaging), and shape manufacturing",4500,2612,1854,4529,4466,1372,30,452,29,NA,NA,NA,NA,NA,12,17,NA,NA,NA,NA,NA,NA,NA,NA,NA,NA,NA,NA,NA
2017,326140,4811,0.672678970917226,972,0.13590604026845637,Polystyrene foam product manufacturing,8133,7152,2713,8934,9865,1959,63,691,801,705,2,NA,NA,NA,91,3,NA,NA,NA,NA,NA,NA,NA,NA,NA,NA,NA,NA,NA
2017,326150,5373,0.7041016904730704,1328,0.1740269951513563,Urethane and other foam product (except polystyrene) manufacturing,9898,7631,3304,10600,10936,2214,75,1015,702,562,33,NA,11,NA,91,6,NA,NA,NA,NA,NA,NA,NA,NA,NA,NA,NA,NA,NA
2017,326160,5436,0.6967444245065367,1366,0.1750833119712894,Plastics bottle manufacturing,11616,7802,3329,11115,11131,2279,71,980,-501,NA,NA,NA,NA,NA,27,497,-1025,NA,NA,NA,NA,NA,NA,NA,NA,NA,NA,NA,NA
2017,326190,44667,0.6659559875954199,8508,0.12684875954198474,Other plastics product manufacturing,95638,67072,32568,98254,99640,19074,698,12796,2616,14796,NA,NA,NA,NA,830,10757,-23767,NA,NA,NA,NA,NA,NA,NA,NA,NA,NA,NA,NA
2017,326210,6682,0.5132498655810738,2901,0.22282817420692833,Tire manufacturing,15731,13019,7025,18847,20044,4568,434,2024,3117,14316,NA,NA,NA,NA,71,2931,-14201,NA,NA,NA,NA,NA,NA,NA,NA,NA,NA,NA,NA
2017,326220,2087,0.6415616354134644,1128,0.34675683984014755,Rubber and plastics hoses and belting manufacturing,6759,3253,2110,5931,5363,1635,38,437,-828,520,NA,NA,NA,NA,85,1848,-3282,NA,NA,NA,NA,NA,NA,NA,NA,NA,NA,NA,NA
2017,326290,7800,0.6446280991735537,2012,0.1662809917355372,Other rubber product manufacturing,16772,12100,6174,17350,18274,3682,141,2352,578,1308,308,NA,15,NA,198,2014,-3314,NA,NA,NA,NA,NA,48,NA,NA,NA,NA,NA,NA
2017,327100,1143,0.2766884531590414,365,0.08835633018639555,Clay product and refractory manufacturing,11626,4131,4020,8352,8151,2719,104,1196,-3274,2530,NA,NA,NA,NA,92,1443,-7338,NA,NA,NA,NA,NA,NA,NA,NA,NA,NA,NA,NA
2017,327200,6351,0.4408579758433986,1580,0.10967652367069276,Glass and glass product manufacturing,24708,14406,11968,26227,26375,6235,297,5437,1519,5566,NA,NA,NA,NA,252,3691,-7990,NA,NA,NA,NA,NA,NA,NA,NA,NA,NA,NA,NA
2017,327310,671,0.1767650158061117,148,0.03898840885142255,Cement manufacturing,9051,3796,4566,8070,8362,1426,102,3038,-981,NA,NA,NA,NA,NA,27,119,-1128,NA,NA,NA,NA,NA,NA,NA,NA,NA,NA,NA,NA
2017,327320,7609,0.37636642429638423,1355,0.06702280259187812,Ready-mix concrete manufacturing,30447,20217,11481,30655,31698,7003,386,4092,208,NA,NA,NA,NA,NA,118,91,-1,NA,NA,NA,NA,NA,NA,NA,NA,NA,NA,NA,NA
2017,327330,1060,0.3350189633375474,190,0.06005056890012642,"Concrete pipe, brick, and block manufacturing",6092,3164,3288,6104,6451,1876,100,1311,12,NA,NA,NA,NA,NA,17,36,-41,NA,NA,NA,NA,NA,NA,NA,NA,NA,NA,NA,NA
2017,327390,3234,0.5021739130434782,456,0.07080745341614907,Other concrete product manufacturing,14267,6440,6106,12480,12546,3575,151,2380,-1787,53,NA,NA,NA,NA,31,225,-2095,NA,NA,NA,NA,NA,NA,NA,NA,NA,NA,NA,NA
2017,327400,1424,0.3493621197252208,406,0.09960745829244357,Lime and gypsum product manufacturing,7975,4076,4041,8067,8117,1290,98,2653,92,26,NA,NA,NA,NA,45,210,-189,NA,NA,NA,NA,NA,NA,NA,NA,NA,NA,NA,NA
2017,327910,811,0.48302561048243003,286,0.1703394877903514,Abrasive product manufacturing,5495,1679,3168,4724,4847,776,64,2328,-770,188,NA,NA,NA,NA,31,845,-1834,NA,NA,NA,NA,NA,NA,NA,NA,NA,NA,NA,NA
2017,327991,842,0.3017921146953405,298,0.10681003584229391,Cut stone and stone product manufacturing,4967,2790,2237,4943,5026,1699,57,481,-23,3169,NA,NA,NA,NA,15,77,-3283,NA,NA,NA,NA,NA,NA,NA,NA,NA,NA,NA,NA
2017,327992,916,0.38945578231292516,199,0.08460884353741496,Ground or treated mineral and earth manufacturing,4359,2352,2011,4070,4363,571,50,1389,-288,41,NA,NA,NA,NA,-132,267,-464,NA,NA,NA,NA,NA,NA,NA,NA,NA,NA,NA,NA
2017,327993,1324,0.42834034293109025,399,0.12908443869297961,Mineral wool manufacturing,6262,3091,3207,6179,6297,1435,74,1698,-82,NA,NA,NA,NA,NA,15,738,-835,NA,NA,NA,NA,NA,NA,NA,NA,NA,NA,NA,NA
2017,327999,1109,0.4121144555927165,161,0.05982905982905983,Miscellaneous nonmetallic mineral products,5204,2691,2395,5103,5086,864,76,1455,-101,NA,NA,NA,NA,NA,15,473,-589,NA,NA,NA,NA,NA,NA,NA,NA,NA,NA,NA,NA
2017,331110,18268,0.27288479923518166,10169,0.15190308317399617,Iron and steel mills and ferroalloy manufacturing,123046,66944,21178,101973,88122,9112,996,11070,-21073,NA,NA,NA,NA,NA,1124,11524,-33721,NA,NA,NA,NA,NA,NA,NA,NA,NA,NA,NA,NA
2017,331200,10518,0.6506650170120631,4075,0.25208784410763996,Steel product manufacturing from purchased steel,11619,16165,6790,9247,22956,4560,254,1976,-2372,674,NA,NA,NA,NA,-59,727,-3715,NA,NA,NA,NA,NA,NA,NA,NA,NA,NA,NA,NA
2017,331313,1042,0.49174138744690893,257,0.12128362435110901,Alumina refining and primary aluminum production,18739,2119,676,8816,2796,489,31,156,-9923,NA,NA,NA,NA,NA,138,662,-10723,NA,NA,NA,NA,NA,NA,NA,NA,NA,NA,NA,NA
2017,331314,1255,0.24617497057669674,1792,0.3515103962338172,NA,NA,5098,797,NA,5895,378,67,351,NA,NA,NA,NA,NA,NA,NA,NA,NA,NA,NA,NA,NA,NA,NA,NA,NA,NA,NA,NA,NA
2017,33131B,14490,0.7095984329089128,7439,0.3642997061704212,Aluminum product manufacturing from purchased aluminum,27152,20420,6545,25546,26965,3665,312,2568,-1606,NA,NA,NA,NA,NA,205,4244,-6055,NA,NA,NA,NA,NA,NA,NA,NA,NA,NA,NA,NA
2017,331410,4729,0.6579935995547517,2388,0.3322665924586058,Nonferrous metal (except aluminum) smelting and refining,30136,7187,3068,15472,10255,798,112,2157,-14664,NA,NA,NA,NA,NA,261,4131,-19056,NA,NA,NA,NA,NA,NA,NA,NA,NA,NA,NA,NA
2017,331420,13647,0.7582087893771876,5817,0.32318462136785375,"Copper rolling, drawing, extruding and alloying",20570,17999,3942,19930,21941,2489,239,1214,-640,NA,NA,NA,NA,NA,59,2505,-3204,NA,NA,NA,NA,NA,NA,NA,NA,NA,NA,NA,NA
2017,331490,4569,0.4792322215229704,2941,0.30847493182294944,"Nonferrous metal (except copper and aluminum) rolling, drawing, extruding and alloying",8621,9534,4523,10561,14056,2057,160,2306,1940,53,NA,NA,NA,NA,83,4372,-2568,NA,NA,NA,NA,NA,NA,NA,NA,NA,NA,NA,NA
2017,331510,2823,0.280644199224575,1438,0.14295655631772541,Ferrous metal foundries,16237,10059,7057,16493,17116,4608,226,2223,256,NA,NA,NA,NA,NA,58,1105,-907,NA,NA,NA,NA,NA,NA,NA,NA,NA,NA,NA,NA
2017,331520,4141,0.5461619625428646,1552,0.2046953310472171,Nonferrous metal foundries,12299,7582,5201,12324,12784,3607,154,1441,25,20,NA,NA,NA,NA,20,77,-92,NA,NA,NA,NA,NA,NA,NA,NA,NA,NA,NA,NA
2017,332114,3604,0.7334147334147334,565,0.11497761497761498,Custom roll forming,6682,4914,1877,6712,6791,675,58,1144,30,NA,NA,NA,NA,NA,6,24,NA,NA,NA,NA,NA,NA,NA,NA,NA,NA,NA,NA,NA
2017,332119,4498,0.6788409296709931,928,0.1400543314216722,"Metal crown, closure, and other metal stamping (except automotive)",10874,6626,4605,10943,11231,3491,89,1025,69,199,NA,NA,NA,NA,116,412,-658,NA,NA,NA,NA,NA,NA,NA,NA,NA,NA,NA,NA
2017,33211A,5398,0.6400284562485179,966,0.11453640028456248,"All other forging, stamping, and sintering",12884,8434,4529,13042,12963,3145,106,1278,158,NA,NA,NA,NA,NA,134,24,NA,NA,NA,NA,NA,NA,NA,NA,NA,NA,NA,NA,NA
2017,332200,2808,0.5557094795171186,669,0.13239659608153573,Cutlery and handtool manufacturing,9586,5053,4416,8756,9469,2858,101,1457,-830,5626,122,NA,NA,NA,127,1284,-8019,NA,1,NA,NA,NA,1,NA,NA,NA,27,NA,NA
2017,332310,19937,0.6490331401783971,4211,0.13708574777003713,Plate work and fabricated structural product manufacturing,46077,30718,16061,43306,46780,11440,465,4156,-2771,59,148,NA,NA,NA,78,1038,-4103,NA,NA,NA,NA,NA,10,NA,NA,NA,NA,NA,NA
2017,332320,17034,0.665078869280025,3290,0.12845541152584725,Ornamental and architectural metal products manufacturing,41333,25612,17906,41400,43517,13208,399,4299,67,NA,556,NA,NA,NA,273,939,-1701,NA,NA,NA,NA,NA,NA,NA,NA,NA,NA,NA,NA
2017,332410,2881,0.6885755258126195,561,0.13408221797323136,Power boiler and heat exchanger manufacturing,3527,4184,2965,6971,7149,1850,64,1051,3444,NA,4248,NA,NA,NA,103,1134,-2131,NA,NA,NA,NA,NA,90,NA,NA,NA,NA,NA,NA
2017,332420,3307,0.6951860416228716,573,0.12045406768972042,Metal tank (heavy gauge) manufacturing,4473,4757,3635,8055,8393,2549,68,1018,3582,NA,3664,NA,NA,NA,10,1171,-1267,NA,NA,NA,NA,NA,NA,NA,NA,NA,4,NA,NA
2017,332430,9558,0.8108245673566339,1719,0.14582626399728538,"Metal can, box, and other metal container (light gauge) manufacturing",16887,11788,6170,17580,17958,3908,144,2118,693,409,190,NA,NA,NA,203,960,-1104,NA,0,NA,NA,NA,3,NA,NA,NA,31,NA,NA
2017,332500,3652,0.6446601941747573,999,0.1763459841129744,Hardware manufacturing,13428,5665,2986,8728,8652,1987,78,922,-4700,1023,510,NA,NA,NA,127,1456,-7815,NA,NA,NA,NA,NA,NA,NA,NA,NA,NA,NA,NA
2017,332600,3626,0.6711086433462891,753,0.1393670183231538,Spring and wire product manufacturing,6320,5403,3802,5645,9205,2849,79,875,-675,98,NA,NA,NA,NA,77,811,-1660,NA,NA,NA,NA,NA,NA,NA,NA,NA,NA,NA,NA
2017,332710,9851,0.5322850813205814,2463,0.13308477873237154,Machine shops,35638,18507,19435,37044,37942,16680,315,2440,1406,NA,NA,NA,NA,NA,-50,353,NA,NA,NA,NA,NA,NA,1103,NA,NA,NA,NA,NA,NA
2017,332720,11090,0.6291484654223635,2015,0.11431326941623646,"Turned product and screw, nut, and bolt manufacturing",31132,17627,11958,29110,29585,5736,276,5946,-2022,411,NA,NA,NA,NA,30,2342,-4805,NA,NA,NA,NA,NA,NA,NA,NA,NA,NA,NA,NA
2017,332800,8088,0.6009808292465448,2194,0.16302570961509882,"Coating, engraving, heat treating and allied activities",25747,13458,12476,26122,25934,8249,221,4006,375,NA,NA,NA,NA,NA,196,179,NA,NA,NA,NA,NA,NA,NA,NA,NA,NA,NA,NA,NA
2017,332913,2151,0.6911953727506427,238,0.07647814910025708,Plumbing fixture fitting and trim manufacturing,5468,3112,1746,4470,4858,836,52,857,-998,NA,NA,NA,NA,NA,59,218,-1275,NA,NA,NA,NA,NA,NA,NA,NA,NA,NA,NA,NA
2017,33291A,8441,0.5895376449224752,2210,0.15435116636401733,Valve and fittings other than plumbing,28303,14318,11769,24115,26088,7179,234,4356,-4188,NA,2480,NA,NA,NA,146,7926,-14995,NA,241,NA,NA,NA,1,NA,NA,NA,13,NA,NA
2017,332991,1985,0.6327701625757093,651,0.2075231112527893,Ball and roller bearing manufacturing,7454,3137,3062,5983,6199,2122,51,889,-1471,NA,NA,NA,NA,NA,87,1539,-3097,NA,NA,NA,NA,NA,NA,NA,NA,NA,NA,NA,NA
2017,332996,2249,0.7119341563786008,575,0.1820196264640709,Fabricated pipe and pipe fitting manufacturing,5311,3159,3040,5949,6199,2316,50,674,638,NA,595,NA,NA,NA,-57,97,NA,NA,2,NA,NA,NA,0,NA,NA,NA,1,NA,NA
2017,332999,5690,0.6893627332202569,1234,0.14950327114126485,Other fabricated metal manufacturing,16549,8254,5630,13901,13884,4378,122,1129,-2648,1975,487,NA,NA,NA,-76,4614,-9988,NA,2,NA,NA,NA,147,NA,NA,NA,192,NA,NA
2017,33299A,4589,0.6767438430909896,703,0.10367202477510691,"Ammunition, arms, ordnance, and accessories manufacturing",5457,6781,6702,13063,13483,3885,536,2281,7607,6829,NA,NA,NA,NA,-121,3281,-2689,NA,307,NA,NA,NA,NA,NA,NA,NA,NA,NA,NA
2017,333111,10376,0.6766662319029607,3793,0.24735881048650057,Farm machinery and equipment manufacturing,4253,15334,9737,24691,25071,5737,231,3770,20438,NA,23650,NA,NA,NA,39,6060,-9452,NA,0,NA,NA,NA,55,NA,NA,NA,87,NA,NA
2017,333112,3702,0.7146718146718146,1271,0.24536679536679537,Lawn and garden equipment manufacturing,623,5180,2768,7392,7948,2002,69,697,6769,760,5979,NA,NA,NA,88,50,-121,NA,0,NA,NA,NA,0,NA,NA,NA,12,NA,NA
2017,333120,13537,0.6741533864541832,5465,0.2721613545816733,Construction machinery manufacturing,6035,20080,12421,32074,32502,6412,318,5691,26039,NA,23158,NA,NA,NA,793,7527,-15206,NA,356,NA,NA,NA,1,NA,NA,NA,9409,NA,NA
2017,333130,7551,0.6607455372768638,2100,0.18375918795939797,Mining and oil and gas field machinery manufacturing,3750,11428,6162,16946,17590,5349,168,645,13196,NA,12838,NA,NA,NA,-172,2402,-1872,NA,NA,NA,NA,NA,NA,NA,NA,NA,NA,NA,NA
2017,333242,1975,0.5463347164591977,664,0.18367911479944676,Semiconductor machinery manufacturing,1227,3615,5224,14325,8838,4183,81,959,13098,NA,5382,NA,NA,NA,341,11326,-3951,NA,NA,NA,NA,NA,NA,NA,NA,NA,NA,NA,NA
2017,33329A,11224,0.5729453802960695,3212,0.16396120469627362,Other industrial machinery manufacturing,5626,19590,11868,24425,31457,7868,253,3747,18799,277,25204,NA,NA,NA,236,9708,-16959,NA,20,NA,NA,NA,41,NA,NA,NA,272,NA,NA
2017,333314,1499,0.5568350668647846,688,0.2555720653789004,Optical instrument and lens manufacturing,1722,2692,2221,4553,4912,2153,43,25,2831,24,4470,NA,NA,NA,65,3301,-5514,NA,435,NA,NA,NA,NA,NA,NA,NA,49,NA,NA
2017,333316,397,0.4552752293577982,199,0.22821100917431192,Photographic and photocopying equipment manufacturing,271,872,774,1179,1645,704,15,54,908,492,721,NA,NA,NA,-43,323,-737,NA,3,NA,NA,NA,1,NA,NA,NA,148,NA,NA
2017,333318,7307,0.6163124156545209,1818,0.1533400809716599,Other commercial and service industry machinery manufacturing,10172,11856,7997,18358,19853,5428,191,2378,8186,263,12430,NA,NA,NA,408,1700,-7519,NA,251,NA,NA,NA,16,NA,NA,NA,636,NA,NA
2017,333413,2276,0.6508435802116099,663,0.1895910780669145,Industrial and commercial fan and blower and air purification equipment manufacturing,4741,3497,2540,5836,6037,2057,65,418,1095,NA,2497,NA,NA,NA,50,1100,-2552,NA,NA,NA,NA,NA,NA,NA,NA,NA,0,NA,NA
2017,333414,1499,0.5823620823620823,299,0.11616161616161616,Heating equipment (except warm air furnaces) manufacturing,3815,2574,1887,4384,4461,1003,51,833,569,1237,70,NA,NA,NA,37,309,-1084,NA,NA,NA,NA,NA,NA,NA,NA,NA,0,NA,NA
2017,333415,13044,0.642973332676098,4151,0.20461379208360034,"Air conditioning, refrigeration, and warm air heating equipment manufacturing",27544,20287,12984,32793,33272,6400,335,6250,5249,2760,9558,NA,NA,NA,528,4016,-11971,NA,115,NA,NA,NA,NA,NA,NA,NA,243,NA,NA
2017,333511,1970,0.5512031337437046,354,0.09904868494683827,Industrial mold manufacturing,2285,3574,3023,6385,6598,2714,65,244,4100,NA,5868,NA,NA,NA,-2,755,-2522,NA,NA,NA,NA,NA,NA,NA,NA,NA,NA,NA,NA
2017,333514,2566,0.5670718232044198,605,0.13370165745856355,"Special tool, die, jig, and fixture manufacturing",2334,4525,4949,10307,9475,4659,96,194,7973,NA,8835,NA,NA,NA,105,507,-1474,NA,NA,NA,NA,NA,NA,NA,NA,NA,NA,NA,NA
2017,333517,2552,0.5691347011596789,939,0.20941123996431757,Machine tool manufacturing,1987,4484,3411,7601,7895,3127,76,207,5614,99,9523,NA,NA,NA,68,1916,-6592,NA,2,NA,NA,NA,67,NA,NA,NA,532,NA,NA
2017,33351B,2707,0.5045666356011184,1043,0.19440820130475303,"Cutting and machine tool accessory, rolling mill, and other metalworking machinery manufacturing",7055,5365,3631,8384,8996,2869,96,666,1328,NA,2431,NA,NA,NA,122,1863,-3088,NA,NA,NA,NA,NA,NA,NA,NA,NA,NA,NA,NA
2017,333611,5069,0.6773115980758952,1635,0.21846606092998397,Turbine and turbine generator set units manufacturing,3161,7484,5517,12065,13001,2892,121,2503,8903,NA,5945,NA,NA,NA,-139,6046,-3451,NA,238,NA,NA,NA,237,NA,NA,NA,27,NA,NA
2017,333612,1133,0.6078326180257511,138,0.0740343347639485,"Speed changer, industrial high-speed drive, and gear manufacturing",5132,1864,1311,3031,3175,940,31,341,-2101,NA,NA,NA,NA,NA,31,2903,-5035,NA,NA,NA,NA,NA,NA,NA,NA,NA,NA,NA,NA
2017,333613,1707,0.6166907514450867,499,0.18027456647398843,Mechanical power transmission equipment manufacturing,6294,2768,2208,4936,4976,1025,47,1137,-1358,NA,NA,NA,NA,NA,-3,1541,-2896,NA,NA,NA,NA,NA,NA,NA,NA,NA,NA,NA,NA
2017,333618,13794,0.7053589691143383,3317,0.16961546328492536,Other engine equipment manufacturing,24700,19556,6100,26159,25656,4853,241,1007,1459,225,2888,NA,NA,NA,168,9663,-12014,NA,NA,NA,NA,NA,23,NA,NA,NA,506,NA,NA
2017,333912,4120,0.6875834445927904,1281,0.21378504672897197,Air and gas compressor manufacturing,2394,5992,3170,8892,9162,1972,85,1113,6498,NA,7564,NA,NA,NA,-56,2474,-3526,NA,40,NA,NA,NA,2,NA,NA,NA,NA,NA,NA
2017,333914,6096,0.5844118492953696,2141,0.20525357108618542,"Measuring, dispensing, and other pumping equipment manufacturing",7961,10431,7100,17400,17531,2679,189,4231,9439,NA,10297,NA,NA,NA,68,3451,-4771,NA,357,NA,NA,NA,16,NA,NA,NA,21,NA,NA
2017,333920,12892,0.6839620138999416,4487,0.23804976391320495,Material handling equipment manufacturing,11138,18849,11538,28500,30387,6402,318,4818,17361,NA,20276,NA,NA,NA,417,4190,-7781,NA,106,NA,NA,NA,56,NA,NA,NA,96,NA,NA
2017,333991,1193,0.626246719160105,363,0.19055118110236222,Power-driven handtool manufacturing,994,1905,1457,3001,3362,769,39,648,2007,2417,3368,NA,NA,NA,90,583,-4746,NA,1,NA,NA,NA,NA,NA,NA,NA,294,NA,NA
2017,333993,2587,0.6169806820891963,816,0.19461006439303602,Packaging machinery manufacturing,3819,4193,2818,6731,7012,1783,68,967,2912,NA,5146,NA,NA,NA,8,759,-3003,NA,NA,NA,NA,NA,2,NA,NA,NA,NA,NA,NA
2017,333994,1010,0.6316447779862414,337,0.21075672295184492,Industrial process furnace and oven manufacturing,759,1599,1054,2561,2653,793,25,236,1803,NA,1380,NA,NA,NA,12,1022,-632,NA,NA,NA,NA,NA,NA,NA,NA,NA,21,NA,NA
2017,33399A,8539,0.6242871764877906,3242,0.23702295657259834,Other general purpose machinery manufacturing,10215,13678,9450,22650,23128,4891,234,4325,12434,317,15506,NA,NA,NA,23,11350,-14855,NA,19,NA,NA,NA,5,NA,NA,NA,69,NA,NA
2017,33399B,4666,0.6348299319727891,1933,0.2629931972789116,Fluid power process machinery,13199,7350,4324,10655,11674,3117,128,1078,-2544,NA,370,NA,NA,NA,122,2596,-5665,NA,32,NA,NA,NA,NA,NA,NA,NA,NA,NA,NA
2017,334111,717,0.11671821585544523,440,0.07162624125020349,Electronic computer manufacturing,1324,6143,12910,8156,19053,7655,433,4822,6832,20604,31369,NA,NA,NA,294,5423,-57773,NA,1501,NA,NA,NA,1349,NA,NA,NA,4065,NA,NA
2017,334112,907,0.575507614213198,285,0.18083756345177665,Computer storage device manufacturing,1578,1576,3724,4119,5300,2274,109,1342,2540,2867,3230,NA,NA,NA,-606,1688,-5171,NA,207,NA,NA,NA,16,NA,NA,NA,307,NA,NA
2017,334118,1675,0.5500821018062397,1048,0.34417077175697863,Computer terminals and other computer peripheral equipment manufacturing,20160,3045,5718,8074,8763,3272,230,2215,-12086,8828,10257,NA,NA,NA,131,4606,-37618,NA,137,NA,NA,NA,119,NA,NA,NA,1454,NA,NA
2017,334210,1391,0.5019848430169613,754,0.2721039335979791,Telephone apparatus manufacturing,7630,2771,5142,5265,7913,2971,169,2002,-2365,442,5347,NA,NA,NA,281,1479,-11116,NA,605,NA,NA,NA,299,NA,NA,NA,298,NA,NA
2017,334220,5223,0.5858008075370121,2559,0.2870121130551817,Broadcast and wireless communications equipment,30744,8916,20825,25918,29742,12673,676,7477,-4826,10883,55798,NA,NA,NA,899,10937,-96409,NA,5457,NA,NA,NA,4499,NA,NA,NA,3111,NA,NA
2017,334290,1075,0.6327251324308417,278,0.16362566215420835,Other communications equipment manufacturing,4894,1699,3756,4617,5456,2233,143,1381,-278,7,597,NA,NA,NA,78,302,-1443,NA,32,NA,NA,NA,3,NA,NA,NA,147,NA,NA
2017,334300,490,0.44954128440366975,205,0.18807339449541285,Audio and video equipment manufacturing,2790,1090,2032,3097,3122,1159,82,791,307,20568,3940,NA,197,NA,-127,2399,-29196,NA,NA,NA,NA,NA,NA,NA,NA,NA,2527,NA,NA
2017,334413,7777,0.4953503184713376,3909,0.24898089171974522,Semiconductor and related device manufacturing,57111,15700,48543,50455,64242,26798,1479,20266,-6656,NA,NA,NA,NA,NA,610,23058,-30324,NA,NA,NA,NA,NA,NA,NA,NA,NA,NA,NA,NA
2017,334418,4448,0.7249022164276402,1260,0.20534550195567144,Printed circuit assembly (electronic assembly) manufacturing,15835,6136,13917,18510,20054,8431,408,5078,2675,59,NA,NA,NA,NA,977,2416,-777,NA,NA,NA,NA,NA,1,NA,NA,NA,NA,NA,NA
2017,33441A,5698,0.6326190740535139,1905,0.21150216498279117,Other electronic component manufacturing,31344,9007,21090,25321,30097,16720,741,3628,-6023,108,NA,NA,NA,NA,497,8822,-15469,NA,NA,NA,NA,NA,3,NA,NA,NA,17,NA,NA
2017,334510,7054,0.586172511218215,2300,0.1911251454213063,Electromedical and electrotherapeutic apparatus manufacturing,5950,12034,21495,31310,33529,11072,936,9488,25361,4151,23822,NA,NA,NA,204,5765,-9414,NA,532,NA,NA,NA,241,NA,NA,NA,60,NA,NA
2017,334511,8549,0.5917901149107019,4262,0.29502976602519726,"Search, detection, and navigation instruments manufacturing",18025,14446,39434,49918,53880,23071,1225,15138,31893,21,16881,NA,NA,NA,-396,5462,-5707,NA,12796,NA,NA,NA,2522,NA,NA,NA,315,NA,NA
2017,334512,537,0.6524908869987849,165,0.20048602673147023,Automatic environmental control manufacturing,3953,823,2375,2857,3199,1467,79,829,-1095,NA,NA,NA,NA,NA,48,165,-1309,NA,NA,NA,NA,NA,NA,NA,NA,NA,NA,NA,NA
2017,334513,1812,0.648068669527897,588,0.21030042918454936,Industrial process variable instruments manufacturing,4939,2796,8682,10342,11478,8013,265,405,5403,NA,5617,NA,NA,NA,19,4952,-5412,NA,5,NA,NA,NA,7,NA,NA,NA,216,NA,NA
2017,334514,1732,0.6393503137689184,664,0.24510889627168697,Totalizing fluid meter and counting device manufacturing,4864,2709,3206,5136,5914,1559,150,1497,272,NA,1916,NA,NA,NA,-35,248,-2162,NA,NA,NA,NA,NA,NA,NA,NA,NA,306,NA,NA
2017,334515,2218,0.5682808096336152,1058,0.2710735331796054,Electricity and signal testing instruments manufacturing,4040,3903,8143,11229,12045,4816,279,3048,7189,NA,5531,NA,NA,NA,172,5151,-5731,NA,1964,NA,NA,NA,76,NA,NA,NA,25,NA,NA
2017,334516,2953,0.6243128964059197,1093,0.2310782241014799,Analytical laboratory instrument manufacturing,3516,4730,11179,15534,15909,6764,389,4026,12018,NA,10715,NA,NA,NA,14,6334,-5268,NA,NA,NA,NA,NA,1,NA,NA,NA,222,NA,NA
2017,334517,2152,0.6801517067003793,390,0.12326169405815424,Irradiation apparatus manufacturing,621,3164,6368,8962,9532,3723,233,2412,8341,NA,8276,NA,NA,NA,69,3112,-3484,NA,202,NA,NA,NA,51,NA,NA,NA,116,NA,NA
2017,33451A,2598,0.591395401775552,1168,0.2658775324379695,"Watch, clock, and other measuring and controlling device manufacturing",4311,4393,8813,12002,13206,5166,308,3338,7691,4456,6812,NA,NA,NA,-153,2713,-6307,NA,NA,NA,NA,NA,NA,NA,NA,NA,170,NA,NA
2017,334610,187,0.3879668049792531,15,0.03112033195020747,Manufacturing and reproducing magnetic and optical media,1945,482,1387,1927,1868,869,46,471,-18,176,74,NA,NA,NA,-14,254,-507,NA,NA,NA,NA,NA,NA,NA,NA,NA,NA,NA,NA
2017,335110,318,0.5,63,0.09905660377358491,Electric lamp bulb and part manufacturing,1728,636,866,1381,1502,803,15,48,-347,633,NA,NA,NA,NA,15,288,-1283,NA,NA,NA,NA,NA,NA,NA,NA,NA,NA,NA,NA
2017,335120,3790,0.5999683394016146,1034,0.16368529365205003,Lighting fixture manufacturing,21209,6317,5658,11520,11976,3406,141,2112,-9689,2029,1693,NA,NA,NA,164,1022,-14644,NA,NA,NA,NA,NA,NA,NA,NA,NA,46,NA,NA
2017,335210,1074,0.6427289048473968,320,0.19150209455415917,Small electrical appliance manufacturing,3455,1671,1933,3311,3604,1002,42,889,-143,10580,292,NA,29,NA,77,753,-12085,NA,2,NA,NA,NA,11,NA,NA,NA,198,NA,NA
2017,335220,7071,0.7194749694749695,1461,0.14865689865689866,Major household appliance manufacturing,7158,9828,9231,20478,19058,4761,187,4282,13320,20303,384,NA,6634,NA,392,2001,-16879,NA,2,NA,NA,NA,NA,NA,NA,NA,484,NA,NA
2017,335311,1722,0.7151162790697675,401,0.1665282392026578,"Power, distribution, and specialty transformer manufacturing",1071,2408,2940,5205,5348,2472,48,420,4134,6,5735,NA,NA,NA,33,419,-2304,NA,0,NA,NA,NA,180,NA,NA,NA,66,NA,NA
2017,335312,4596,0.7245782752640706,2032,0.3203531451994324,Motor and generator manufacturing,13783,6343,3951,8965,10294,3097,93,761,-4818,91,2705,NA,NA,NA,177,3676,-11678,NA,8,NA,NA,NA,70,NA,NA,NA,133,NA,NA
2017,335313,4440,0.6682721252257676,1196,0.18001204093919326,Switchgear and switchboard apparatus manufacturing,7689,6644,5463,11163,12107,3309,128,2026,3475,64,5870,NA,NA,NA,95,1488,-4054,NA,NA,NA,NA,NA,10,NA,NA,NA,2,NA,NA
2017,335314,3642,0.6597826086956522,1201,0.21757246376811595,Relay and industrial control manufacturing,11375,5520,5151,10662,10671,4911,101,139,-712,NA,2260,NA,NA,NA,145,5214,-9056,NA,645,NA,NA,NA,49,NA,NA,NA,31,NA,NA
2017,335911,3591,0.739954667216155,1658,0.3416443437049248,Storage battery manufacturing,7379,4853,2655,7434,7508,1839,74,742,55,4205,96,NA,NA,NA,82,2282,-6609,NA,NA,NA,NA,NA,NA,NA,NA,NA,NA,NA,NA
2017,335912,479,0.7555205047318612,137,0.21608832807570977,Primary battery manufacturing,47,634,1525,1982,2159,1086,-251,689,1935,2160,NA,NA,NA,NA,4,606,-836,NA,NA,NA,NA,NA,NA,NA,NA,NA,NA,NA,NA
2017,335920,5524,0.7362388377982141,1036,0.13807810209249632,Communication and energy wire and cable manufacturing,14305,7503,3915,11261,11418,2330,109,1476,-3044,NA,429,NA,NA,NA,137,4163,-7943,NA,9,NA,NA,NA,161,NA,NA,NA,NA,NA,NA
2017,335930,4508,0.6967542503863987,992,0.15332302936630604,Wiring device manufacturing,12955,6470,7860,12979,14329,3960,146,3754,23,NA,220,NA,NA,NA,87,2724,-3007,NA,NA,NA,NA,NA,NA,NA,NA,NA,NA,NA,NA
2017,335991,1010,0.6457800511508951,127,0.08120204603580562,Carbon and graphite product manufacturing,3063,1564,1881,3299,3444,715,35,1131,237,NA,NA,NA,NA,NA,0,1151,-914,NA,NA,NA,NA,NA,NA,NA,NA,NA,NA,NA,NA
2017,335999,3937,0.6312329645662978,1426,0.2286355619688953,All other miscellaneous electrical equipment and component manufacturing,5487,6237,4599,10755,10836,2767,100,1731,5267,206,10236,NA,NA,NA,5,3593,-9293,NA,366,NA,NA,NA,56,NA,NA,NA,99,NA,NA
2017,336111,21770,0.7760864140315853,6287,0.22412748208620015,Automobile manufacturing,14,28051,11976,32781,40026,6382,402,5192,32767,20107,58608,NA,NA,NA,3227,17269,-66987,NA,29,NA,NA,NA,77,NA,NA,NA,436,NA,NA
2017,336112,126992,0.8082793385694463,33617,0.2139656555112848,Light truck and utility vehicle manufacturing,1,157114,55732,215421,212846,14210,1366,40156,215420,136403,173795,NA,NA,NA,4900,30441,-130631,NA,25,NA,NA,NA,6,NA,NA,NA,481,NA,NA
2017,336120,16399,0.7960679611650485,5238,0.2542718446601942,Heavy duty truck manufacturing,1941,20600,5595,29382,26195,2619,130,2845,27442,NA,22846,NA,NA,NA,107,6220,-15249,NA,817,NA,NA,NA,320,NA,NA,NA,12380,NA,NA
2017,336211,7729,0.7174417525294718,2042,0.18954794393390884,Motor vehicle body manufacturing,4515,10773,4125,10556,14898,3658,82,385,6041,81,5114,NA,NA,NA,-44,915,-66,NA,NA,NA,NA,NA,41,NA,NA,NA,NA,NA,NA
2017,336212,6209,0.7605340519353259,1966,0.24081332680058795,Truck trailer manufacturing,173,8164,2880,10606,11044,2103,55,721,10433,NA,11246,NA,NA,NA,44,1151,-2055,NA,42,NA,NA,NA,5,NA,NA,NA,NA,NA,NA
2017,336213,170,0.040505122706695255,54,0.012866333095067906,Motor home manufacturing,10,4197,1368,6185,5566,1318,27,24,6175,5682,243,NA,NA,NA,149,389,-288,NA,NA,NA,NA,NA,NA,NA,NA,NA,NA,NA,NA
2017,336214,8984,0.7718213058419244,2912,0.2501718213058419,Travel trailer and camper manufacturing,3316,11640,6067,16179,17707,2885,88,3094,12863,11675,882,NA,NA,NA,371,1072,-1137,NA,NA,NA,NA,NA,NA,NA,NA,NA,NA,NA,NA
2017,336310,21548,0.6932406781842164,6882,0.22140720007721262,Motor vehicle gasoline engine and engine parts manufacturing,45341,31083,8815,38178,39899,5110,213,3493,-7163,3369,NA,NA,NA,NA,283,6660,-17476,NA,NA,NA,NA,NA,NA,NA,NA,NA,NA,NA,NA
2017,336320,12102,0.6844248388191381,4516,0.2554009727406402,Motor vehicle electrical and electronic equipment manufacturing,34135,17682,6368,23963,24050,4364,147,1857,-10172,3441,NA,NA,NA,NA,311,3663,-17587,NA,NA,NA,NA,NA,NA,NA,NA,NA,NA,NA,NA
2017,336350,21340,0.7240279568433196,7772,0.26369003189251544,Motor vehicle transmission and power train parts manufacturing,49169,29474,12506,41482,41980,7132,223,5151,-7686,2878,NA,NA,NA,NA,196,5097,-15858,NA,NA,NA,NA,NA,NA,NA,NA,NA,NA,NA,NA
2017,336360,16451,0.6943987168122916,4063,0.1714997256342071,Motor vehicle seating and interior trim manufacturing,36862,23691,8104,30523,31795,4702,161,3241,-6339,0,650,NA,NA,NA,-174,1896,-8730,NA,NA,NA,NA,NA,8,NA,NA,NA,11,NA,NA
2017,336370,20236,0.7570236803711047,3924,0.14679585499981296,Motor vehicle metal stamping,34574,26731,11191,35554,37922,6486,204,4501,980,NA,NA,NA,NA,NA,62,1497,-579,NA,NA,NA,NA,NA,NA,NA,NA,NA,NA,NA,NA
2017,336390,34412,0.7205343495466823,10100,0.21147846479197638,Other motor vehicle parts manufacturing,69361,47759,18009,61210,65768,9975,428,7606,-8151,5114,NA,NA,NA,NA,241,22810,-36315,NA,NA,NA,NA,NA,NA,NA,NA,NA,NA,NA,NA
2017,3363A0,15112,0.716684055771602,3655,0.17333775965095324,"Motor vehicle steering, suspension component (except spring), and brake systems manufacturing",32661,21086,6389,25339,27475,4394,166,1829,-7322,1476,NA,NA,NA,NA,319,3802,-12919,NA,NA,NA,NA,NA,NA,NA,NA,NA,NA,NA,NA
2017,336411,56617,0.7534266627631544,21749,0.2894232560615336,Aircraft manufacturing,32782,75146,74452,134840,149598,29130,1215,44108,102058,927,51437,NA,NA,NA,-6319,50592,-8839,NA,13913,NA,NA,NA,282,NA,NA,NA,64,NA,NA
2017,336412,17923,0.6332768002261324,11053,0.3905377711822486,Aircraft engine and engine parts manufacturing,21650,28302,18388,43359,46690,9060,335,8994,21708,NA,72,NA,NA,NA,492,34535,-13538,NA,147,NA,NA,NA,NA,NA,NA,NA,NA,NA,NA
2017,336413,14114,0.7192213615980432,5043,0.2569812474520995,Other aircraft parts and auxiliary equipment manufacturing,34346,19624,17523,40746,37147,9554,301,7669,6401,NA,NA,NA,NA,NA,-104,21257,-14753,NA,NA,NA,NA,NA,NA,NA,NA,NA,NA,NA,NA
2017,336414,4907,0.5045758354755784,1160,0.119280205655527,Guided missile and space vehicle manufacturing,6968,9725,10078,17616,19803,9833,163,81,10648,NA,1363,NA,NA,NA,83,1835,-391,NA,6521,NA,NA,NA,1237,NA,NA,NA,NA,NA,NA
2017,33641A,4277,0.6088256227758007,345,0.04911032028469751,Propulsion units and parts for space vehicles and guided missiles,6563,7025,2481,7324,9506,1973,78,430,761,NA,NA,NA,NA,NA,245,964,-718,NA,NA,NA,NA,NA,270,NA,NA,NA,NA,NA,NA
2017,336500,6661,0.689187790998448,2321,0.24014485256078635,Railroad rolling stock manufacturing,4171,9665,3137,12655,12802,1480,107,1550,8484,NA,9545,NA,NA,NA,-116,1978,-3089,NA,11,NA,NA,NA,15,NA,NA,NA,140,NA,NA
2017,336611,6576,0.4945104526996541,1444,0.10858775755752745,Ship building and repairing,7176,13298,12224,24878,25522,10395,219,1610,17703,NA,5010,NA,NA,NA,-96,895,-495,NA,12367,NA,NA,NA,19,NA,NA,NA,4,NA,NA
2017,336612,4869,0.6294764059469942,1335,0.17259211376858435,Boat building,59,7735,2750,10214,10484,2055,113,581,10155,9035,833,NA,NA,NA,371,1494,-1702,NA,38,NA,NA,NA,68,NA,NA,NA,18,NA,NA
2017,336991,2621,0.6774360299819074,964,0.24915998966141123,"Motorcycle, bicycle, and parts manufacturing",1939,3869,3711,7230,7580,2188,58,1466,5292,8054,121,NA,NA,NA,187,1588,-4905,NA,NA,NA,NA,NA,NA,NA,NA,NA,247,NA,NA
2017,336992,3292,0.7734962406015038,1150,0.27020676691729323,"Military armored vehicle, tank, and tank component manufacturing",2146,4256,3408,5876,7664,1840,80,1488,3730,NA,NA,NA,NA,NA,188,1733,-257,NA,2065,NA,NA,NA,NA,NA,NA,NA,NA,NA,NA
2017,336999,4450,0.740432612312812,1334,0.22196339434276208,All other transportation equipment manufacturing,1363,6010,2759,7917,8769,1457,73,1229,6554,4007,2433,NA,NA,NA,167,406,-549,NA,42,NA,NA,NA,NA,NA,NA,NA,47,NA,NA
2017,337110,5233,0.6282112845138055,1362,0.16350540216086434,Wood kitchen cabinet and countertop manufacturing,15671,8330,6731,14403,15062,6033,75,623,-1268,NA,113,NA,NA,NA,98,124,-1603,NA,NA,NA,NA,NA,NA,NA,NA,NA,NA,NA,NA
2017,337121,5350,0.6606569523339096,2423,0.2992096814028155,Upholstered household furniture manufacturing,180,8098,4216,11814,12313,2962,72,1182,11634,15986,1044,NA,97,NA,70,374,-6012,NA,NA,NA,NA,NA,20,NA,NA,NA,55,NA,NA
2017,337122,1638,0.6612838110617683,373,0.1505853855470327,Nonupholstered wood household furniture manufacturing,744,2477,1613,3829,4089,1502,20,91,3085,13290,830,NA,167,NA,57,671,-12137,NA,0,NA,NA,NA,62,NA,NA,NA,146,NA,NA
2017,337127,1826,0.6102941176470589,486,0.16243315508021391,Institutional furniture manufacturing,613,2992,1921,4646,4913,1514,27,380,4032,1,10790,NA,NA,NA,73,1282,-9106,NA,0,NA,NA,NA,0,NA,NA,NA,991,NA,NA
2017,33712N,1392,0.5795170691090757,527,0.21940049958368027,Other household nonupholstered furniture,255,2402,981,3256,3382,638,22,320,3001,6624,436,NA,181,NA,53,98,-4401,NA,NA,NA,NA,NA,0,NA,NA,NA,11,NA,NA
2017,337215,2910,0.6811797752808989,681,0.15941011235955055,"Showcase, partition, shelving, and locker manufacturing",5906,4272,3028,7305,7299,2698,42,288,1400,402,6343,NA,1,NA,59,648,-6173,NA,0,NA,NA,NA,1,NA,NA,NA,119,NA,NA
2017,33721A,7221,0.6062463269246915,2086,0.17513223071110737,Office furniture and custom architectural woodwork and millwork manufacturing,7276,11911,7120,18714,19031,4556,108,2456,11438,71,11132,NA,NA,NA,83,317,-1812,NA,1,NA,NA,NA,36,NA,NA,NA,1610,NA,NA
2017,337900,4340,0.6286210892236385,1029,0.14904403244495945,Other furniture related product manufacturing,535,6904,3288,10062,10192,2055,52,1181,9527,10494,902,NA,152,NA,37,178,-2288,NA,NA,NA,NA,NA,NA,NA,NA,NA,52,NA,NA
2017,339112,8586,0.5544720697449145,1751,0.11307717145624799,Surgical and medical instrument manufacturing,22061,15485,27484,39162,42970,15116,439,11929,17101,46,18968,NA,NA,NA,215,9702,-11967,NA,48,NA,NA,NA,4,NA,NA,NA,86,NA,NA
2017,339113,7459,0.5129986244841815,1397,0.09607977991746905,Surgical appliance and supplies manufacturing,22212,14540,20593,28837,35133,11166,396,9031,6626,8679,7443,NA,NA,NA,126,6831,-17234,NA,4,NA,NA,NA,41,NA,NA,NA,734,NA,NA
2017,339114,1164,0.513453903837671,423,0.18659020732245257,Dental equipment and supplies manufacturing,2062,2267,2503,4291,4770,1477,60,966,2229,NA,2796,NA,NA,NA,1,995,-1727,NA,87,NA,NA,NA,55,NA,NA,NA,22,NA,NA
2017,339115,998,0.40486815415821503,281,0.11399594320486815,Ophthalmic goods manufacturing,100,2465,4016,6785,6480,2289,76,1651,6685,10342,NA,NA,NA,NA,-45,1257,-4869,NA,NA,NA,NA,NA,NA,NA,NA,NA,NA,NA,NA
2017,339116,1045,0.40948275862068967,548,0.21473354231974923,Dental laboratories,4831,2552,3120,4866,5672,2680,60,380,34,NA,NA,NA,NA,NA,15,19,NA,NA,NA,NA,NA,NA,NA,NA,NA,NA,NA,NA,NA
2017,339910,2415,0.47983310152990266,1729,0.3435326842837274,Jewelry and silverware manufacturing,3508,5033,2922,9378,7955,1723,84,1115,5870,14008,NA,NA,NA,NA,-17,5753,-13874,NA,NA,NA,NA,NA,NA,NA,NA,NA,NA,NA,NA
2017,339920,2637,0.47910610465116277,677,0.12300145348837209,Sporting and athletic goods manufacturing,961,5504,4890,9648,10394,3403,211,1276,8688,12707,2549,NA,NA,NA,-156,1198,-8008,NA,0,NA,NA,NA,1,NA,NA,NA,397,NA,NA
2017,339930,430,0.603085553997195,52,0.0729312762973352,"Doll, toy, and game manufacturing",592,713,1305,2207,2018,1139,16,149,1615,20244,NA,NA,NA,NA,-19,833,-19442,NA,NA,NA,NA,NA,NA,NA,NA,NA,NA,NA,NA
2017,339940,1158,0.6117274167987322,319,0.16851558372952985,Office supplies (except paper) manufacturing,2488,1893,961,3169,2854,791,32,138,681,2306,13,NA,NA,NA,-105,368,-2031,NA,NA,NA,NA,NA,1,NA,NA,NA,129,NA,NA
2017,339950,4408,0.5658536585365853,883,0.11335044929396662,Sign manufacturing,998,7790,5939,10202,13729,5201,144,594,9204,NA,9155,NA,NA,NA,16,320,-289,NA,0,NA,NA,NA,2,NA,NA,NA,NA,NA,NA
2017,339990,7463,0.5331095078219873,1645,0.11750839345667548,All other miscellaneous manufacturing,14132,13999,12875,25864,26874,8819,273,3783,11732,17640,3881,NA,NA,NA,109,5445,-15502,NA,24,NA,NA,NA,NA,NA,NA,NA,135,NA,NA
2017,423100,9365,0.1339368716122481,2826,0.040417042090359116,Motor vehicle and motor vehicle parts and supplies,60518,69921,68051,136107,137973,28670,6220,33161,75589,23358,33058,0,1,0,1446,16928,NA,NA,49,0,NA,NA,49,0,NA,NA,700,0,NA
2017,423400,4774,0.05616536665137237,3193,0.037565147825268534,Professional and commercial equipment and supplies,68225,84999,123555,206450,208554,81746,8301,33508,138225,35422,48981,20331,149,0,670,24634,NA,NA,1128,791,NA,NA,678,1026,NA,NA,2353,2062,NA
2017,423600,6696,0.056404943013823254,4230,0.03563215486088297,Household appliances and electrical and electronic goods,92253,118713,117026,221877,235739,45681,8560,62785,129624,29050,54938,1876,2139,NA,1338,27227,NA,NA,6887,73,NA,NA,3594,95,NA,NA,2218,190,NA
2017,423800,6719,0.08829520217616989,3621,0.04758400462567512,"Machinery, equipment, and supplies",72610,76097,105361,168866,181458,63904,8831,32627,96256,4474,60629,8,9,0,816,25496,NA,NA,1263,0,NA,NA,183,0,NA,NA,3377,1,NA
2017,423A00,12473,0.0934251131018366,5048,0.03781046828654463,Other durable goods merchant wholesalers,167854,133508,153136,287826,286644,76780,17862,58493,119972,66712,18045,98,1452,83,1086,31131,NA,NA,315,4,NA,NA,130,5,NA,NA,899,10,NA
2017,424200,32160,0.2990876710035619,16801,0.15624912812595906,Drugs and druggists' sundries,86598,107527,107211,199853,214737,43090,4123,59997,113255,90503,331,NA,1,NA,2818,19572,NA,NA,11,NA,NA,NA,5,NA,NA,NA,15,NA,NA
2017,424400,10423,0.130059895183429,4202,0.0524332418268031,Grocery and related product wholesalers,77167,80140,95524,181062,175663,55047,3486,36990,103895,90702,423,NA,3,NA,932,11816,NA,NA,3,NA,NA,NA,7,NA,NA,NA,10,NA,NA
2017,424700,2072,0.07833648393194707,1525,0.057655954631379965,Petroleum and petroleum products,89082,26450,123774,161947,150223,16763,89329,17682,72864,64665,51,NA,12,0,-2008,10143,NA,NA,0,NA,NA,NA,1,NA,NA,NA,1,NA,NA
2017,424A00,15644,0.0978557309780569,5779,0.03614857257237221,Other nondurable goods merchant wholesalers,187263,159868,212596,384877,372464,97018,37812,77766,197614,157672,1812,173,45,1,2330,35426,NA,NA,23,7,NA,NA,26,9,NA,NA,72,18,NA
2017,425000,2662,0.1298030037058709,1113,0.054271503803393795,Wholesale electronic markets and agents and brokers,37741,20508,31400,47545,51908,24242,329,6829,9805,3610,2334,14,7,0,136,3585,NA,NA,50,1,NA,NA,27,1,NA,NA,38,1,NA
2017,441000,12308,0.1026068543512876,5894,0.0491359115653631,Motor vehicle and parts dealers,22515,119953,235782,301799,355735,118071,49054,68657,279285,254196,25082,NA,7,NA,NA,NA,NA,NA,NA,NA,NA,NA,NA,NA,NA,NA,NA,NA,NA
2017,444000,2978,0.07659465020576131,1244,0.03199588477366255,Building material and garden equipment and supplies dealers,82711,38880,104305,142940,143185,52804,23622,27879,60229,50101,8627,0,1501,NA,NA,NA,NA,NA,NA,NA,NA,NA,NA,NA,NA,NA,NA,NA,NA
2017,445000,9273,0.10637712083146918,3674,0.042147044315196565,Food and beverage stores,2288,87171,162067,236806,249238,96461,25475,40131,234518,234329,180,1,7,NA,NA,NA,NA,NA,NA,NA,NA,NA,NA,NA,NA,NA,NA,NA,NA
2017,446000,2296,0.060702199661590524,1165,0.030800549915397633,Health and personal care stores,163,37824,72105,119517,109929,50169,8312,13624,119354,119329,23,0,2,NA,NA,NA,NA,NA,NA,NA,NA,NA,NA,NA,NA,NA,NA,NA,NA
2017,447000,4205,0.09206349206349207,1161,0.02541871921182266,Gasoline stations,12045,45675,60950,89954,106626,24942,14381,21627,77909,77900,5,0,3,NA,NA,NA,NA,NA,NA,NA,NA,NA,NA,NA,NA,NA,NA,NA,NA
2017,448000,3857,0.05445586491218162,2245,0.03169650420737562,Clothing and clothing accessories stores,24,70828,70208,138827,141036,37806,18994,13408,138803,138795,1,0,6,NA,NA,NA,NA,NA,NA,NA,NA,NA,NA,NA,NA,NA,NA,NA,NA
2017,452000,7523,0.09194348708171396,5085,0.06214709980200924,General merchandise stores,5314,81822,152115,227348,233936,93086,40483,18546,222033,219688,1691,479,175,NA,NA,NA,NA,NA,NA,NA,NA,NA,NA,NA,NA,NA,NA,NA,NA
2017,454000,11061,0.09733968125456513,6245,0.05495762674575167,Nonstore retailers,14602,113633,183401,281220,297033,42272,24364,116764,266618,252459,8285,5463,411,NA,NA,NA,NA,NA,NA,NA,NA,NA,NA,NA,NA,NA,NA,NA,NA
2017,481000,26828,0.24928683596762655,21297,0.19789256543918823,Air transportation,101626,107619,128682,231562,236301,57095,25242,46346,129936,130993,751,69,6,NA,24,43420,-45443,NA,50,3,NA,NA,12,4,NA,NA,40,7,NA
2017,482000,9661,0.27418759755924504,2523,0.07160493827160494,Rail transportation,52182,35235,44334,78668,79569,21893,-40,22481,26486,7817,3931,NA,34,NA,-203,14380,412,NA,16,NA,NA,NA,8,NA,NA,NA,92,NA,NA
2017,483000,9538,0.23252072159921988,3513,0.08564115065821551,Water transportation,10528,41020,13957,53010,54977,7144,985,5828,42482,23267,6,0,0,NA,5,6410,12794,NA,0,0,NA,NA,0,0,NA,NA,0,0,NA
2017,484000,31792,0.16804537309646012,6724,0.035541554123697715,Truck transportation,193608,189187,177967,339147,367154,96307,4500,77160,145539,85348,20634,677,645,21,842,30445,4900,NA,621,26,NA,NA,177,34,NA,NA,1101,69,NA
2017,485000,4529,0.12979680738256957,742,0.021265010173960392,Transit and ground passenger transportation,48152,34893,43408,95611,78301,21954,1878,19576,47460,47460,NA,NA,NA,NA,NA,NA,NA,NA,NA,NA,NA,NA,NA,NA,NA,NA,NA,NA,NA
2017,486000,1781,0.25201641432007926,157,0.02221593321069761,Pipeline transportation,40428,7067,41004,50196,48072,7617,3333,30054,9768,2986,NA,NA,NA,NA,-4627,11409,NA,NA,NA,NA,NA,NA,NA,NA,NA,NA,NA,NA,NA
2017,48A000,9103,0.12438851083599792,4909,0.06707933644885354,Scenic and sightseeing transportation and support activities,143680,73182,68464,155764,141646,47282,1443,19739,12084,11399,NA,NA,NA,NA,NA,685,NA,NA,NA,NA,NA,NA,NA,NA,NA,NA,NA,NA,NA
2017,491000,4651,0.3661628090064557,1504,0.11840655014958275,Postal service,62229,12702,57030,69564,69731,54249,NA,2781,7335,6914,NA,NA,NA,NA,NA,710,-289,NA,NA,NA,NA,NA,NA,NA,NA,NA,NA,NA,NA
2017,492000,11344,0.2799052506908804,1930,0.04762139755230951,Couriers and messengers,93464,40528,56532,112649,97060,38870,1065,16597,19185,6456,NA,NA,NA,NA,NA,9411,3318,NA,NA,NA,NA,NA,NA,NA,NA,NA,NA,NA,NA
2017,493000,10537,0.1680059950891291,2928,0.046685162154405435,Warehousing and storage,128203,62718,61116,128619,123834,53892,904,6319,417,251,NA,NA,NA,NA,NA,166,NA,NA,NA,NA,NA,NA,NA,NA,NA,NA,NA,NA,NA
2017,4B0000,5394,0.07467397624387408,2315,0.032048619763546254,All other retail,8615,72234,137990,230453,210225,91257,27736,18998,221838,199714,13280,4599,4245,NA,NA,NA,NA,NA,NA,NA,NA,NA,NA,NA,NA,NA,NA,NA,NA
2017,511110,1399,0.17113149847094802,418,0.051131498470948014,Newspaper publishers,428,8175,17928,13501,26103,9580,361,7987,13073,13189,NA,NA,NA,NA,-386,416,-147,NA,NA,NA,NA,NA,NA,NA,NA,NA,NA,NA,NA
2017,511120,1629,0.1534910016018091,521,0.04909073777442759,Periodical Publishers,4779,10613,17067,13989,27680,10016,349,6702,9211,8236,NA,124,NA,NA,51,1071,-271,NA,NA,NA,NA,NA,NA,NA,NA,NA,NA,NA,NA
2017,511130,3808,0.1864199344005483,1120,0.0548293924707495,Book publishers,9687,20427,18152,37042,38579,5911,503,11737,27355,17282,NA,9627,NA,NA,-19,2252,-1786,NA,NA,NA,NA,NA,NA,NA,NA,NA,NA,NA,NA
2017,5111A0,1084,0.24255985679122846,321,0.07182814947415529,"Directory, mailing list, and other publishers",3950,4469,6392,11933,10861,2805,142,3445,7983,7921,NA,372,NA,NA,12,301,-622,NA,NA,NA,NA,NA,NA,NA,NA,NA,NA,NA,NA
2017,511200,3628,0.03435931432900843,2918,0.027635192726583956,Software publishers,58436,105590,176477,233075,282066,71879,4634,99964,174639,48204,NA,81081,NA,NA,52,31467,-1637,NA,NA,3154,NA,NA,NA,4093,NA,NA,NA,8225,NA
2017,512100,1246,0.025726261020378668,4187,0.08644932174343939,Motion picture and video industries,63271,48433,83952,131377,132386,33679,5251,45022,68106,21990,NA,34944,NA,NA,108,20775,-9710,NA,NA,NA,NA,NA,NA,NA,NA,NA,NA,NA,NA
2017,512200,440,0.09613283810356128,128,0.027965916539217827,Sound recording industries,12107,4577,13773,18727,18350,1757,1109,10907,6620,1752,NA,3597,NA,NA,-94,2781,-1416,NA,NA,NA,NA,NA,NA,NA,NA,NA,NA,NA,NA
2017,515100,326,0.006268628016536872,218,0.004191904624555331,Radio and television broadcasting,57073,52005,42807,81710,94812,17950,2219,22637,24637,11653,NA,12966,NA,NA,NA,19,NA,NA,NA,NA,NA,NA,NA,NA,NA,NA,NA,NA,NA
2017,515200,6841,0.1449210888677047,4487,0.0950534900963881,Cable and other subscription programming,4948,47205,61599,22500,108804,10426,1418,49756,17552,NA,NA,17552,NA,NA,NA,NA,NA,NA,NA,NA,NA,NA,NA,NA,NA,NA,NA,NA,NA
2017,517110,15940,0.1008375718009059,14772,0.09344872086844302,Wired telecommunications carriers,151832,158076,189767,368097,347843,61328,18841,109598,216265,201552,7351,NA,NA,NA,NA,7503,-141,NA,NA,NA,NA,NA,NA,NA,NA,NA,NA,NA,NA
2017,517210,17366,0.14570380997927626,12855,0.1078557225200735,Wireless telecommunications carriers (except satellite),100487,119187,142354,227512,261541,12221,13609,116524,127025,122323,NA,NA,NA,NA,NA,4702,NA,NA,NA,NA,NA,NA,NA,NA,NA,NA,NA,NA,NA
2017,517A00,1718,0.07325288875623588,1685,0.07184581929817081,"Satellite, telecommunications resellers, and all other telecommunications",19476,23453,25589,33671,49042,10248,5006,10336,14195,13485,NA,NA,NA,NA,NA,727,-18,NA,NA,NA,NA,NA,NA,NA,NA,NA,NA,NA,NA
2017,518200,8400,0.10519329267529084,6235,0.07808097378933791,"Data processing, hosting, and related services",171347,79853,96385,248108,176238,42813,2686,50886,76761,31753,NA,35440,NA,NA,NA,1370,-439,NA,NA,1781,NA,NA,NA,2310,NA,NA,NA,4545,NA
2017,519130,5686,0.08044025691084515,2689,0.03804147921794981,Internet publishing and broadcasting and Web search portals,43440,70686,109854,56921,180540,52084,2333,55437,13482,10416,NA,NA,NA,NA,NA,3877,-811,NA,NA,NA,NA,NA,NA,NA,NA,NA,NA,NA,NA
2017,5191A0,49,0.09193245778611632,25,0.04690431519699812,"News syndicates, libraries, archives and all other information services",5231,533,7924,10603,8457,6076,108,1740,5372,4546,NA,NA,NA,NA,NA,829,-3,NA,NA,NA,NA,NA,NA,NA,NA,NA,NA,NA,NA
2017,522A00,5755,0.030259532672934148,5395,0.02836666876984878,Nondepository credit intermediation and related activities,275096,190188,211174,346710,401362,97437,8420,105317,71614,42387,NA,NA,NA,NA,NA,29227,NA,NA,NA,NA,NA,NA,NA,NA,NA,NA,NA,NA,NA
2017,523900,4599,0.02672361195851129,5575,0.03239489816671025,Other financial investment activities,152813,172095,178136,389244,350231,153414,4195,20528,236430,177895,NA,NA,NA,NA,NA,58535,NA,NA,NA,NA,NA,NA,NA,NA,NA,NA,NA,NA,NA
2017,523A00,845,0.009009009009009009,33324,0.3552854629777707,Securities and commodity contracts intermediation and brokerage,102108,93795,105291,162725,199086,97818,1389,6083,60617,47331,NA,NA,NA,NA,NA,13343,-57,NA,NA,NA,NA,NA,NA,NA,NA,NA,NA,NA,NA
2017,524113,1039,0.028039400890568073,5358,0.14459587100256377,Direct life insurance carriers,NA,37055,54796,90314,91851,34310,4000,16487,90314,90314,NA,NA,NA,NA,NA,NA,NA,NA,NA,NA,NA,NA,NA,NA,NA,NA,NA,NA,NA
2017,5241XX,2477,0.009045394955466858,46166,0.16858688070814815,"Insurance carriers, except direct life",303702,273841,314538,583848,588379,116031,24209,174298,280146,308251,NA,NA,5033,NA,NA,19554,-52692,NA,NA,NA,NA,NA,NA,NA,NA,NA,NA,NA,NA
2017,524200,1308,0.008007101098833827,1452,0.008888616816136634,"Insurance agencies, brokerages, and related activities",370207,163355,199554,370207,362909,120664,2373,76517,NA,NA,NA,NA,NA,NA,NA,NA,NA,NA,NA,NA,NA,NA,NA,NA,NA,NA,NA,NA,NA
2017,525000,2431,0.01614992659124277,2212,0.01469503809947717,"Funds, trusts, and other financial vehicles",15967,150527,6835,186494,157361,2059,739,4036,170526,170526,NA,NA,NA,NA,NA,NA,NA,NA,NA,NA,NA,NA,NA,NA,NA,NA,NA,NA,NA
2017,52A000,5132,0.023447922948992086,7281,0.03326662645978398,Monetary authorities and depository credit intermediation,373110,218868,437687,633605,656555,165916,11005,260765,260495,236363,NA,NA,NA,NA,NA,30778,-6646,NA,NA,NA,NA,NA,NA,NA,NA,NA,NA,NA,NA
2017,531HSO,3661,0.017223372224313135,1923,0.00904685735792247,Owner-occupied housing,NA,212560,1340682,1553178,1553242,NA,176158,1164524,1553178,1553178,NA,NA,NA,NA,NA,NA,NA,NA,NA,NA,NA,NA,NA,NA,NA,NA,NA,NA,NA
2017,531HST,141,0.005472965104995536,146,0.005667041881768428,Tenant-occupied housing,NA,25763,454633,467675,480396,18920,59198,376515,467675,467675,NA,NA,NA,NA,NA,NA,NA,NA,NA,NA,NA,NA,NA,NA,NA,NA,NA,NA,NA
2017,531ORE,32722,0.04377039071246938,18873,0.02524535737168983,Other real estate,1119061,747583,517444,1291178,1265027,93508,27597,396339,172117,5861,NA,NA,129878,33104,NA,3274,NA,NA,NA,NA,NA,NA,NA,NA,NA,NA,NA,NA,NA
2017,532100,3318,0.10842074306440545,1354,0.044244028363232366,Automotive equipment rental and leasing,59731,30603,38140,140524,68743,11024,6253,20862,80792,78600,NA,NA,NA,NA,NA,2192,NA,NA,NA,NA,NA,NA,NA,NA,NA,NA,NA,NA,NA
2017,532400,3977,0.10133000407664085,1408,0.03587443946188341,Commercial and industrial machinery and equipment rental and leasing,106880,39248,54069,111204,93317,13103,7765,33201,4323,441,NA,NA,NA,NA,NA,3883,NA,NA,NA,NA,NA,NA,NA,NA,NA,NA,NA,NA,NA
2017,532A00,628,0.05354706684856753,389,0.03316848567530696,General and consumer goods rental,12770,11728,17729,31741,29457,9111,2723,5895,18971,18051,NA,NA,NA,NA,NA,920,NA,NA,NA,NA,NA,NA,NA,NA,NA,NA,NA,NA,NA
2017,533000,2147,0.03911815614466612,1694,0.030864534936685797,Lessors of nonfinancial intangible assets,85211,54885,102321,158260,157206,2990,4294,95037,73049,NA,NA,NA,NA,NA,NA,73049,NA,NA,NA,NA,NA,NA,NA,NA,NA,NA,NA,NA,NA
2017,541100,2754,0.031195133830975386,2813,0.03186343916722359,Legal services,217452,88283,266430,354236,354713,131525,16636,118269,136783,104093,NA,NA,22342,NA,NA,14209,-3860,NA,NA,NA,NA,NA,NA,NA,NA,NA,NA,NA,NA
2017,541200,1726,0.037248046959299064,1702,0.03673011351374682,"Accounting, tax preparation, bookkeeping, and payroll services",161458,46338,125181,178669,171519,88558,1624,34999,17212,17900,NA,NA,NA,NA,NA,2679,-3367,NA,NA,NA,NA,NA,NA,NA,NA,NA,NA,NA,NA
2017,541300,20915,0.17330527083350597,8836,0.07321660880157106,"Architectural, engineering, and related services",266697,120683,209889,340173,330571,149700,3726,56463,73475,NA,51774,NA,3058,NA,NA,33253,-14609,NA,NA,NA,NA,NA,NA,NA,NA,NA,NA,NA,NA
2017,541400,2838,0.25462049165619954,1113,0.09985645074466176,Specialized design services,30211,11146,25021,37602,36167,11468,1188,12365,7391,7558,NA,NA,NA,NA,NA,176,-343,NA,NA,NA,NA,NA,NA,NA,NA,NA,NA,NA,NA
2017,541511,1289,0.03370022745692698,1699,0.04441946194671756,Custom computer programming services,12200,38249,115796,271583,154045,99401,2006,14390,259383,NA,NA,224926,NA,NA,NA,11016,-13253,NA,NA,7374,NA,NA,NA,21084,NA,NA,NA,8235,NA
2017,541512,14052,0.14977297435569484,8857,0.0944021658033297,Computer systems design services,155614,93822,178559,197262,272381,140481,3951,34127,41648,NA,37753,NA,NA,NA,NA,11216,-13328,NA,3669,NA,NA,NA,NA,NA,NA,NA,2338,NA,NA
2017,54151A,1967,0.11185033549414307,1458,0.08290685772773797,"Other computer related services, including facilities management",59606,17586,32019,60313,49605,24875,731,6412,707,NA,NA,NA,NA,NA,NA,8269,-7562,NA,NA,NA,NA,NA,NA,NA,NA,NA,NA,NA,NA
2017,541610,4188,0.052549029449038234,3785,0.04749237737932419,Management consulting services,183376,79697,172932,203314,252629,125104,2751,45077,19938,NA,NA,NA,NA,NA,NA,51279,-31341,NA,NA,NA,NA,NA,NA,NA,NA,NA,NA,NA,NA
2017,5416A0,1172,0.053246104220616965,1717,0.07800645131979465,Environmental and other technical consulting services,57627,22011,31418,57833,53429,27523,496,3399,206,NA,NA,NA,NA,NA,NA,206,NA,NA,NA,NA,NA,NA,NA,NA,NA,NA,NA,NA,NA
2017,541700,19460,0.14472490369026192,12603,0.09372908330978269,Scientific research and development services,12978,134462,120944,616844,255406,97150,1639,22155,603866,5303,NA,437476,NA,NA,NA,39414,-30833,NA,NA,50501,NA,NA,NA,80601,NA,NA,NA,21404,NA
2017,541800,4652,0.11511147403063371,1905,0.047138297082621926,"Advertising, public relations, and related services",391922,40413,89266,405537,129678,45888,1722,41656,13614,766,NA,NA,NA,NA,NA,20441,-7593,NA,NA,NA,NA,NA,NA,NA,NA,NA,NA,NA,NA
2017,541920,972,0.18731932935054924,283,0.054538446714203125,Photographic services,4461,5189,7744,12827,12933,2172,499,5073,8366,7156,NA,1167,NA,NA,NA,301,-258,NA,NA,NA,NA,NA,NA,NA,NA,NA,NA,NA,NA
2017,541940,6746,0.5226216299969011,1484,0.11496746203904555,Veterinary services,5683,12908,29704,39409,42612,19253,408,10043,33726,33726,NA,NA,NA,NA,NA,NA,NA,NA,NA,NA,NA,NA,NA,NA,NA,NA,NA,NA,NA
2017,5419A0,5132,0.15736538697411995,2603,0.07981724518582117,"All other miscellaneous professional, scientific, and technical services",86802,32612,55740,88662,88352,27448,739,27553,1860,NA,NA,NA,NA,NA,NA,4776,-2916,NA,NA,NA,NA,NA,NA,NA,NA,NA,NA,NA,NA
2017,550000,10222,0.05149881606126253,10037,0.05056677918283037,Management of companies and enterprises,547574,198490,370134,551870,568623,324518,9157,36459,4296,NA,NA,NA,NA,NA,NA,4296,NA,NA,NA,NA,NA,NA,NA,NA,NA,NA,NA,NA,NA
2017,561100,1700,0.07201253865378913,1048,0.04439361206421824,Office administrative services,38077,23607,41489,38077,65095,38562,484,2442,NA,NA,NA,NA,NA,NA,NA,NA,NA,NA,NA,NA,NA,NA,NA,NA,NA,NA,NA,NA,NA
2017,561200,2333,0.14304107909258124,969,0.05941140404659718,Facilities support services,33602,16310,13346,33602,29656,8062,247,5037,NA,NA,NA,NA,NA,NA,NA,NA,NA,NA,NA,NA,NA,NA,NA,NA,NA,NA,NA,NA,NA
2017,561300,5064,0.03684811793726215,5005,0.036418805346760875,Employment services,382821,137429,249191,384086,386620,176327,2328,70536,1266,1879,NA,NA,NA,NA,NA,975,-1588,NA,NA,NA,NA,NA,NA,NA,NA,NA,NA,NA,NA
2017,561400,4479,0.1197945919922972,2326,0.062210810666238736,Business support services,85947,37389,42944,92400,80333,33176,1189,8578,6453,6344,NA,NA,NA,NA,NA,245,-136,NA,NA,NA,NA,NA,NA,NA,NA,NA,NA,NA,NA
2017,561500,903,0.027395182331169225,1028,0.031187427947333292,Travel arrangement and reservation services,33805,32962,26140,57742,59102,17878,598,7663,23937,23394,NA,NA,NA,NA,NA,622,-79,NA,NA,NA,NA,NA,NA,NA,NA,NA,NA,NA,NA
2017,561600,3193,0.13780156229769971,1389,0.059945621682275255,Investigation and security services,58708,23171,44000,70078,67172,37273,1403,5324,11370,11365,NA,NA,NA,NA,NA,140,-135,NA,NA,NA,NA,NA,NA,NA,NA,NA,NA,NA,NA
2017,561700,28124,0.300351356835439,10544,0.11260505996561189,Services to buildings and dwellings,167973,93637,102331,189379,195967,75161,3295,23875,21406,21348,NA,NA,NA,NA,NA,58,NA,NA,NA,NA,NA,NA,NA,NA,NA,NA,NA,NA,NA
2017,561900,4570,0.18014821822768842,1176,0.046357615894039736,Other support services,34184,25368,30268,34737,55635,22892,691,6684,553,159,NA,NA,NA,NA,NA,394,NA,NA,NA,NA,NA,NA,NA,NA,NA,NA,NA,NA,NA
2017,562000,15806,0.2530701122372192,6270,0.10038906767856286,Waste management and remediation services,104899,62457,53159,133156,115616,30195,3647,19317,28257,28334,NA,NA,NA,NA,NA,156,-234,NA,NA,NA,NA,NA,NA,NA,NA,NA,NA,NA,NA
2017,611100,3251,0.29383586406362977,977,0.08830441070137382,Elementary and secondary schools,NA,11064,37038,53010,48102,34563,1210,1265,53010,53010,NA,NA,NA,NA,NA,NA,NA,NA,NA,NA,NA,NA,NA,NA,NA,NA,NA,NA,NA
2017,611A00,8784,0.13444349210236317,2353,0.03601383616995225,"Junior colleges, colleges, universities, and professional schools",9181,65336,169043,248764,234379,121810,5659,41574,239583,238722,NA,NA,NA,NA,NA,1844,-983,NA,NA,NA,NA,NA,NA,NA,NA,NA,NA,NA,NA
2017,611B00,4194,0.11820077785919621,1633,0.04602333577588637,Other educational services,10780,35482,39506,79242,74988,36048,2368,1090,68462,68474,NA,NA,NA,NA,NA,736,-748,NA,NA,NA,NA,NA,NA,NA,NA,NA,NA,NA,NA
2017,621100,30545,0.16355828286560323,9111,0.04878636487767265,Offices of physicians,617,186753,307916,492093,494669,279251,4403,24262,491476,491310,NA,NA,NA,NA,NA,181,-15,NA,NA,NA,NA,NA,NA,NA,NA,NA,NA,NA,NA
2017,621200,9592,0.3144402556957876,1303,0.04271430912965088,Offices of dentists,NA,30505,99226,129400,129731,57872,970,40384,129400,129315,NA,NA,NA,NA,NA,100,-15,NA,NA,NA,NA,NA,NA,NA,NA,NA,NA,NA,NA
2017,621300,6332,0.24228973750669625,4548,0.17402617280171423,Offices of other health practitioners,3835,26134,78341,98044,104475,43302,1319,33720,94210,94125,NA,NA,NA,NA,NA,100,-15,NA,NA,NA,NA,NA,NA,NA,NA,NA,NA,NA,NA
2017,621400,9598,0.1539275748147673,1366,0.021907175161176507,Outpatient care centers,5128,62354,100978,166141,163332,73909,1201,25868,161013,160922,NA,NA,NA,NA,NA,106,-15,NA,NA,NA,NA,NA,NA,NA,NA,NA,NA,NA,NA
2017,621500,6190,0.40031041841815945,925,0.05982021599948264,Medical and diagnostic laboratories,16778,15463,39613,55128,55075,20867,461,18285,38350,38265,NA,NA,NA,NA,NA,100,-15,NA,NA,NA,NA,NA,NA,NA,NA,NA,NA,NA,NA
2017,621600,7074,0.2834702464435985,2243,0.08988178721699058,Home health care services,NA,24955,65291,107602,90246,52907,854,11531,107602,107517,NA,NA,NA,NA,NA,100,-15,NA,NA,NA,NA,NA,NA,NA,NA,NA,NA,NA,NA
2017,621900,4971,0.3009444242644388,1525,0.09232352585058724,Other ambulatory health care services,6780,16518,18293,36283,34811,17101,359,833,29504,29419,NA,NA,NA,NA,NA,100,-15,NA,NA,NA,NA,NA,NA,NA,NA,NA,NA,NA,NA
2017,622000,66940,0.1859351476870601,19629,0.054522273886305685,Hospitals,16228,360018,486155,1053801,846173,396274,13830,76051,1037573,1039196,NA,NA,NA,NA,NA,2815,-4439,NA,NA,NA,NA,NA,NA,NA,NA,NA,NA,NA,NA
2017,623A00,12044,0.1544835370624527,3465,0.0444441594089504,Nursing and community care facilities,2438,77963,110755,190100,188718,98255,5210,7290,187663,187578,NA,NA,NA,NA,NA,100,-15,NA,NA,NA,NA,NA,NA,NA,NA,NA,NA,NA,NA
2017,623B00,3517,0.18955481297833351,1412,0.07610218820739463,"Residential mental health, substance abuse, and other residential care facilities",30,18554,36612,54157,55166,33285,1191,2136,54127,54042,NA,NA,NA,NA,NA,100,-15,NA,NA,NA,NA,NA,NA,NA,NA,NA,NA,NA,NA
2017,624100,11290,0.2681901323134665,3435,0.08159726346295461,Individual and family services,NA,42097,76113,112901,118210,68790,1013,6311,112901,112901,NA,NA,NA,NA,NA,NA,NA,NA,NA,NA,NA,NA,NA,NA,NA,NA,NA,NA,NA
2017,624400,5964,0.2469667481055116,830,0.03436995320717214,Child day care services,1409,24149,28896,58404,53045,25402,668,2826,56995,56995,NA,NA,NA,NA,NA,NA,NA,NA,NA,NA,NA,NA,NA,NA,NA,NA,NA,NA,NA
2017,624A00,12227,0.406739629420179,2604,0.08662386480822327,"Community food, housing, and other relief services, including vocational rehabilitation services",NA,30061,23144,55383,53204,19894,421,2828,55383,55383,NA,NA,NA,NA,NA,NA,NA,NA,NA,NA,NA,NA,NA,NA,NA,NA,NA,NA,NA
2017,711100,347,0.030707964601769912,246,0.02176991150442478,Performing arts companies,9183,11300,16602,46511,27902,7264,1318,8020,37328,32596,NA,4817,NA,NA,NA,347,-432,NA,NA,NA,NA,NA,NA,NA,NA,NA,NA,NA,NA
2017,711200,990,0.07485822306238185,260,0.019659735349716444,Spectator sports,25167,13225,37635,46235,50860,25961,2574,9100,21068,21320,NA,NA,NA,NA,NA,294,-546,NA,NA,NA,NA,NA,NA,NA,NA,NA,NA,NA,NA
2017,711500,342,0.02497991381199328,697,0.05090935651157695,"Independent artists, writers, and performers",37898,13691,32762,39400,46453,9125,1843,21794,1503,472,NA,660,NA,NA,NA,371,0,NA,NA,NA,NA,NA,NA,NA,NA,NA,NA,NA,NA
2017,711A00,518,0.020496992719214943,317,0.012543526432415322,Promoters of performing arts and sports and agents for public figures,21114,25272,27511,32661,52784,10192,2147,15172,11546,11360,NA,NA,NA,NA,NA,533,-346,NA,NA,NA,NA,NA,NA,NA,NA,NA,NA,NA,NA
2017,712000,1214,0.1394120349104272,145,0.016651355075792375,"Museums, historical sites, zoos, and parks",NA,8708,12292,21226,21000,6975,737,4580,21226,21225,NA,NA,NA,NA,NA,1,0,NA,NA,NA,NA,NA,NA,NA,NA,NA,NA,NA,NA
2017,713100,2540,0.31953704868536925,400,0.05032079506856208,Amusement parks and arcades,567,7949,16020,18091,23969,8012,3413,4595,17523,17522,NA,NA,NA,NA,NA,1,0,NA,NA,NA,NA,NA,NA,NA,NA,NA,NA,NA,NA
2017,713200,1603,0.09925082038263884,719,0.04451736734567519,Gambling industries (except casino hotels),285,16151,20646,112145,36797,9103,2130,9413,111859,111858,NA,NA,NA,NA,NA,1,0,NA,NA,NA,NA,NA,NA,NA,NA,NA,NA,NA,NA
2017,713900,6803,0.1602704549202535,1872,0.044102056682451055,Other amusement and recreation industries,5239,42447,50285,86072,92732,37082,7987,5216,80833,80832,NA,NA,NA,NA,NA,1,0,NA,NA,NA,NA,NA,NA,NA,NA,NA,NA,NA,NA
2017,721000,17792,0.16687770243019406,6726,0.06308562424378851,Accommodation,73618,106617,176299,236913,282916,82723,30540,63036,163295,163295,NA,NA,NA,NA,NA,NA,NA,NA,NA,NA,NA,NA,NA,NA,NA,NA,NA,NA,NA
2017,722110,43136,0.2828330513920034,10293,0.06748888626617884,Full-service restaurants,93153,152514,219237,373564,371751,153383,26557,39297,280411,279233,NA,NA,NA,NA,NA,1177,NA,NA,NA,NA,NA,NA,NA,NA,NA,NA,NA,NA,NA
2017,722211,49041,0.26557169314748025,11917,0.06453412180091193,Limited-service restaurants,39130,184662,156107,384984,340769,92629,25383,38095,345854,344723,NA,NA,NA,NA,NA,1130,NA,NA,NA,NA,NA,NA,NA,NA,NA,NA,NA,NA,NA
2017,722A00,6578,0.16756674138985123,2230,0.05680660281230895,All other food and drinking places,79708,39256,65755,188002,105011,52024,4652,9080,108294,107894,NA,NA,NA,NA,NA,400,NA,NA,NA,NA,NA,NA,NA,NA,NA,NA,NA,NA,NA
2017,811100,21397,0.35365188503049433,7637,0.12622514586053585,Automotive repair and maintenance,29356,60503,77269,194285,137772,45483,8575,23211,164930,164881,NA,NA,NA,NA,NA,49,NA,NA,NA,NA,NA,NA,NA,NA,NA,NA,NA,NA,NA
2017,811200,2507,0.3206702481453057,1518,0.19416730621642364,Electronic and precision equipment repair and maintenance,46322,7818,13645,50441,21463,8659,811,4176,4118,4114,NA,NA,NA,NA,NA,4,NA,NA,NA,NA,NA,NA,NA,NA,NA,NA,NA,NA,NA
2017,811300,7839,0.4334771068347711,3340,0.1846936518469365,Commercial and industrial machinery and equipment repair and maintenance,64081,18084,25008,64098,43092,15059,1555,8394,17,NA,NA,NA,NA,NA,NA,17,NA,NA,NA,NA,NA,NA,NA,NA,NA,NA,NA,NA,NA
2017,811400,4478,0.38787353832828064,1828,0.15833694239930707,Personal and household goods repair and maintenance,37588,11545,13397,55139,24942,6344,1428,5625,17551,22333,NA,NA,NA,NA,NA,5,-4786,NA,NA,NA,NA,NA,NA,NA,NA,NA,NA,NA,NA
2017,812100,5196,0.14370661282739167,1531,0.0423431147495644,Personal care services,592,36157,44825,79630,80981,29909,2921,11995,79038,79038,NA,NA,NA,NA,NA,NA,NA,NA,NA,NA,NA,NA,NA,NA,NA,NA,NA,NA,NA
2017,812200,1042,0.10895023002927645,4327,0.4524257632789628,Death care services,NA,9564,14134,21338,23698,7741,873,5520,21338,21338,NA,NA,NA,NA,NA,NA,NA,NA,NA,NA,NA,NA,NA,NA,NA,NA,NA,NA,NA
2017,812300,2904,0.29377845220030346,605,0.06120384420839656,Dry-cleaning and laundry services,15104,9885,19508,29195,29392,13444,1699,4365,14091,14091,NA,NA,NA,NA,NA,NA,NA,NA,NA,NA,NA,NA,NA,NA,NA,NA,NA,NA,NA
2017,812900,2088,0.06422244094488189,930,0.02860482283464567,Other personal services,9564,32512,36207,81336,68719,18426,2704,15077,71772,71772,NA,NA,NA,NA,NA,NA,NA,NA,NA,NA,NA,NA,NA,NA,NA,NA,NA,NA,NA
2017,813100,1717,0.05506911703390102,534,0.017126912344847492,Religious organizations,NA,31179,69252,100202,100432,57158,234,11860,100202,100202,NA,NA,NA,NA,NA,NA,NA,NA,NA,NA,NA,NA,NA,NA,NA,NA,NA,NA,NA
2017,813A00,2536,0.12404010760577158,1362,0.06661775495231108,"Grantmaking, giving, and social advocacy organizations",225,20445,39214,58458,59660,29428,928,8858,58233,58233,NA,NA,NA,NA,NA,NA,NA,NA,NA,NA,NA,NA,NA,NA,NA,NA,NA,NA,NA
2017,813B00,6453,0.16970860509152114,1876,0.04933726067746686,"Civic, social, professional, and similar organizations",36567,38024,62022,95191,100045,55157,1960,4905,58624,58624,NA,NA,NA,NA,NA,0,NA,NA,NA,NA,NA,NA,NA,NA,NA,NA,NA,NA,NA
2007,4200ID,NA,NA,NA,NA,Customs duties,NA,0,28793,28793,28793,NA,28793,NA,28793,NA,NA,NA,NA,NA,NA,NA,28793,NA,NA,NA,NA,NA,NA,NA,NA,NA,NA,NA,NA
2007,814000,NA,NA,NA,NA,Private households,NA,0,18043,18043,18043,18043,NA,NA,18043,18043,NA,NA,NA,NA,NA,NA,NA,NA,NA,NA,NA,NA,NA,NA,NA,NA,NA,NA,NA
2007,F01000,NA,NA,NA,NA,NA,NA,9746595,NA,NA,NA,NA,NA,NA,NA,NA,NA,NA,NA,NA,NA,NA,NA,NA,NA,NA,NA,NA,NA,NA,NA,NA,NA,NA,NA
2007,F02E00,NA,NA,NA,NA,NA,NA,893432,NA,NA,NA,NA,NA,NA,NA,NA,NA,NA,NA,NA,NA,NA,NA,NA,NA,NA,NA,NA,NA,NA,NA,NA,NA,NA,NA
2007,F02N00,NA,NA,NA,NA,NA,NA,544828,NA,NA,NA,NA,NA,NA,NA,NA,NA,NA,NA,NA,NA,NA,NA,NA,NA,NA,NA,NA,NA,NA,NA,NA,NA,NA,NA
2007,F02R00,NA,NA,NA,NA,NA,NA,690497,NA,NA,NA,NA,NA,NA,NA,NA,NA,NA,NA,NA,NA,NA,NA,NA,NA,NA,NA,NA,NA,NA,NA,NA,NA,NA,NA
2007,F02S00,NA,NA,NA,NA,NA,NA,510302,NA,NA,NA,NA,NA,NA,NA,NA,NA,NA,NA,NA,NA,NA,NA,NA,NA,NA,NA,NA,NA,NA,NA,NA,NA,NA,NA
2007,F03000,NA,NA,NA,NA,NA,NA,33950,NA,NA,NA,NA,NA,NA,NA,NA,NA,NA,NA,NA,NA,NA,NA,NA,NA,NA,NA,NA,NA,NA,NA,NA,NA,NA,NA
2007,F04000,NA,NA,NA,NA,NA,NA,1507090,NA,NA,NA,NA,NA,NA,NA,NA,NA,NA,NA,NA,NA,NA,NA,NA,NA,NA,NA,NA,NA,NA,NA,NA,NA,NA,NA
2007,F05000,NA,NA,NA,NA,NA,NA,-2243023,NA,NA,NA,NA,NA,NA,NA,NA,NA,NA,NA,NA,NA,NA,NA,NA,NA,NA,NA,NA,NA,NA,NA,NA,NA,NA,NA
2007,F06C00,NA,NA,NA,NA,NA,NA,528119,NA,NA,NA,NA,NA,NA,NA,NA,NA,NA,NA,NA,NA,NA,NA,NA,NA,NA,NA,NA,NA,NA,NA,NA,NA,NA,NA
2007,F06E00,NA,NA,NA,NA,NA,NA,71773,NA,NA,NA,NA,NA,NA,NA,NA,NA,NA,NA,NA,NA,NA,NA,NA,NA,NA,NA,NA,NA,NA,NA,NA,NA,NA,NA
2007,F06N00,NA,NA,NA,NA,NA,NA,69361,NA,NA,NA,NA,NA,NA,NA,NA,NA,NA,NA,NA,NA,NA,NA,NA,NA,NA,NA,NA,NA,NA,NA,NA,NA,NA,NA
2007,F06S00,NA,NA,NA,NA,NA,NA,10011,NA,NA,NA,NA,NA,NA,NA,NA,NA,NA,NA,NA,NA,NA,NA,NA,NA,NA,NA,NA,NA,NA,NA,NA,NA,NA,NA
2007,F07C00,NA,NA,NA,NA,NA,NA,272869,NA,NA,NA,NA,NA,NA,NA,NA,NA,NA,NA,NA,NA,NA,NA,NA,NA,NA,NA,NA,NA,NA,NA,NA,NA,NA,NA
2007,F07E00,NA,NA,NA,NA,NA,NA,16131,NA,NA,NA,NA,NA,NA,NA,NA,NA,NA,NA,NA,NA,NA,NA,NA,NA,NA,NA,NA,NA,NA,NA,NA,NA,NA,NA
2007,F07N00,NA,NA,NA,NA,NA,NA,71403,NA,NA,NA,NA,NA,NA,NA,NA,NA,NA,NA,NA,NA,NA,NA,NA,NA,NA,NA,NA,NA,NA,NA,NA,NA,NA,NA
2007,F07S00,NA,NA,NA,NA,NA,NA,11358,NA,NA,NA,NA,NA,NA,NA,NA,NA,NA,NA,NA,NA,NA,NA,NA,NA,NA,NA,NA,NA,NA,NA,NA,NA,NA,NA
2007,F10C00,NA,NA,NA,NA,NA,NA,1397544,NA,NA,NA,NA,NA,NA,NA,NA,NA,NA,NA,NA,NA,NA,NA,NA,NA,NA,NA,NA,NA,NA,NA,NA,NA,NA,NA
2007,F10E00,NA,NA,NA,NA,NA,NA,44015,NA,NA,NA,NA,NA,NA,NA,NA,NA,NA,NA,NA,NA,NA,NA,NA,NA,NA,NA,NA,NA,NA,NA,NA,NA,NA,NA
2007,F10N00,NA,NA,NA,NA,NA,NA,26618,NA,NA,NA,NA,NA,NA,NA,NA,NA,NA,NA,NA,NA,NA,NA,NA,NA,NA,NA,NA,NA,NA,NA,NA,NA,NA,NA
2007,F10S00,NA,NA,NA,NA,NA,NA,271354,NA,NA,NA,NA,NA,NA,NA,NA,NA,NA,NA,NA,NA,NA,NA,NA,NA,NA,NA,NA,NA,NA,NA,NA,NA,NA,NA
2007,GSLGE,NA,NA,NA,NA,State and local government (educational services),NA,181232,615985,655454,797216,564646,NA,51339,655454,NA,NA,NA,NA,NA,NA,NA,NA,NA,NA,NA,NA,NA,NA,NA,NA,655454,NA,NA,NA
2007,GSLGH,NA,NA,NA,NA,State and local government (hospitals and health services),NA,97467,111887,57925,209354,100001,NA,11886,57925,NA,NA,NA,NA,NA,NA,NA,NA,NA,NA,NA,NA,NA,NA,NA,NA,57925,NA,NA,NA
2007,GSLGO,NA,NA,NA,NA,State and local government (other services),NA,298843,463314,684166,762157,381104,NA,82210,684166,NA,NA,NA,NA,NA,NA,NA,NA,NA,NA,NA,NA,NA,NA,NA,NA,684166,NA,NA,NA
2007,S00101,NA,NA,NA,NA,NA,NA,5981,6322,NA,12303,1759,-55,4618,NA,NA,NA,NA,NA,NA,NA,NA,NA,NA,NA,NA,NA,NA,NA,NA,NA,NA,NA,NA,NA
2007,S00102,NA,NA,NA,NA,Other federal government enterprises,2929,5807,7916,2929,13722,4929,-2989,5975,NA,NA,NA,NA,NA,NA,NA,NA,NA,NA,NA,NA,NA,NA,NA,NA,NA,NA,NA,NA,NA
2007,S00201,NA,NA,NA,NA,NA,NA,15456,-3669,NA,11787,25199,-44,-28825,NA,NA,NA,NA,NA,NA,NA,NA,NA,NA,NA,NA,NA,NA,NA,NA,NA,NA,NA,NA,NA
2007,S00202,NA,NA,NA,NA,NA,NA,19178,11063,NA,30241,4304,NA,6759,NA,NA,NA,NA,NA,NA,NA,NA,NA,NA,NA,NA,NA,NA,NA,NA,NA,NA,NA,NA,NA
2007,S00203,NA,NA,NA,NA,Other state and local government enterprises,18323,94776,86591,68015,181367,54350,-15598,47839,49691,49691,NA,NA,NA,NA,NA,NA,NA,NA,NA,NA,NA,NA,NA,NA,NA,NA,NA,NA,NA
2007,S00500,NA,NA,NA,NA,Federal general government (defense),NA,218877,331100,528119,549978,201511,NA,129590,528119,NA,NA,NA,NA,NA,NA,NA,NA,528119,NA,NA,NA,NA,NA,NA,NA,NA,NA,NA,NA
2007,S00600,NA,NA,NA,NA,Federal general government (nondefense),NA,86485,204644,272869,291130,127556,NA,77088,272869,NA,NA,NA,NA,NA,NA,NA,NA,NA,NA,NA,NA,272869,NA,NA,NA,NA,NA,NA,NA
2007,T001,NA,NA,NA,NA,NA,NA,11776088,NA,NA,NA,7889371,982246,5602611,NA,NA,NA,NA,NA,NA,NA,NA,NA,NA,NA,NA,NA,NA,NA,NA,NA,NA,NA,NA,NA
2007,col_426,NA,NA,NA,NA,NA,NA,14474227,NA,NA,NA,NA,NA,NA,NA,NA,NA,NA,NA,NA,NA,NA,NA,NA,NA,NA,NA,NA,NA,NA,NA,NA,NA,NA,NA
2007,col_427,NA,NA,NA,NA,NA,NA,26250316,NA,NA,NA,NA,NA,NA,NA,NA,NA,NA,NA,NA,NA,NA,NA,NA,NA,NA,NA,NA,NA,NA,NA,NA,NA,NA,NA
2012,4200ID,NA,NA,NA,NA,Customs duties,NA,0,33503,33503,33503,NA,33503,NA,33503,NA,NA,NA,NA,NA,NA,NA,33503,NA,NA,NA,NA,NA,NA,NA,NA,NA,NA,NA,NA
2012,814000,NA,NA,NA,NA,Private households,NA,0,17330,17330,17330,17330,NA,NA,17330,17330,NA,NA,NA,NA,NA,NA,NA,NA,NA,NA,NA,NA,NA,NA,NA,NA,NA,NA,NA
2012,F01000,NA,NA,NA,NA,NA,NA,11047363,NA,NA,NA,NA,NA,NA,NA,NA,NA,NA,NA,NA,NA,NA,NA,NA,NA,NA,NA,NA,NA,NA,NA,NA,NA,NA,NA
2012,F02E00,NA,NA,NA,NA,NA,NA,983401,NA,NA,NA,NA,NA,NA,NA,NA,NA,NA,NA,NA,NA,NA,NA,NA,NA,NA,NA,NA,NA,NA,NA,NA,NA,NA,NA
2012,F02N00,NA,NA,NA,NA,NA,NA,655691,NA,NA,NA,NA,NA,NA,NA,NA,NA,NA,NA,NA,NA,NA,NA,NA,NA,NA,NA,NA,NA,NA,NA,NA,NA,NA,NA
2012,F02R00,NA,NA,NA,NA,NA,NA,432015,NA,NA,NA,NA,NA,NA,NA,NA,NA,NA,NA,NA,NA,NA,NA,NA,NA,NA,NA,NA,NA,NA,NA,NA,NA,NA,NA
2012,F02S00,NA,NA,NA,NA,NA,NA,479435,NA,NA,NA,NA,NA,NA,NA,NA,NA,NA,NA,NA,NA,NA,NA,NA,NA,NA,NA,NA,NA,NA,NA,NA,NA,NA,NA
2012,F03000,NA,NA,NA,NA,NA,NA,71212,NA,NA,NA,NA,NA,NA,NA,NA,NA,NA,NA,NA,NA,NA,NA,NA,NA,NA,NA,NA,NA,NA,NA,NA,NA,NA,NA
2012,F04000,NA,NA,NA,NA,NA,NA,1981560,NA,NA,NA,NA,NA,NA,NA,NA,NA,NA,NA,NA,NA,NA,NA,NA,NA,NA,NA,NA,NA,NA,NA,NA,NA,NA,NA
2012,F05000,NA,NA,NA,NA,NA,NA,-2533178,NA,NA,NA,NA,NA,NA,NA,NA,NA,NA,NA,NA,NA,NA,NA,NA,NA,NA,NA,NA,NA,NA,NA,NA,NA,NA,NA
2012,F06C00,NA,NA,NA,NA,NA,NA,650338,NA,NA,NA,NA,NA,NA,NA,NA,NA,NA,NA,NA,NA,NA,NA,NA,NA,NA,NA,NA,NA,NA,NA,NA,NA,NA,NA
2012,F06E00,NA,NA,NA,NA,NA,NA,85228,NA,NA,NA,NA,NA,NA,NA,NA,NA,NA,NA,NA,NA,NA,NA,NA,NA,NA,NA,NA,NA,NA,NA,NA,NA,NA,NA
2012,F06N00,NA,NA,NA,NA,NA,NA,70507,NA,NA,NA,NA,NA,NA,NA,NA,NA,NA,NA,NA,NA,NA,NA,NA,NA,NA,NA,NA,NA,NA,NA,NA,NA,NA,NA
2012,F06S00,NA,NA,NA,NA,NA,NA,8103,NA,NA,NA,NA,NA,NA,NA,NA,NA,NA,NA,NA,NA,NA,NA,NA,NA,NA,NA,NA,NA,NA,NA,NA,NA,NA,NA
2012,F07C00,NA,NA,NA,NA,NA,NA,349383,NA,NA,NA,NA,NA,NA,NA,NA,NA,NA,NA,NA,NA,NA,NA,NA,NA,NA,NA,NA,NA,NA,NA,NA,NA,NA,NA
2012,F07E00,NA,NA,NA,NA,NA,NA,18732,NA,NA,NA,NA,NA,NA,NA,NA,NA,NA,NA,NA,NA,NA,NA,NA,NA,NA,NA,NA,NA,NA,NA,NA,NA,NA,NA
2012,F07N00,NA,NA,NA,NA,NA,NA,90241,NA,NA,NA,NA,NA,NA,NA,NA,NA,NA,NA,NA,NA,NA,NA,NA,NA,NA,NA,NA,NA,NA,NA,NA,NA,NA,NA
2012,F07S00,NA,NA,NA,NA,NA,NA,14478,NA,NA,NA,NA,NA,NA,NA,NA,NA,NA,NA,NA,NA,NA,NA,NA,NA,NA,NA,NA,NA,NA,NA,NA,NA,NA,NA
2012,F10C00,NA,NA,NA,NA,NA,NA,1515718,NA,NA,NA,NA,NA,NA,NA,NA,NA,NA,NA,NA,NA,NA,NA,NA,NA,NA,NA,NA,NA,NA,NA,NA,NA,NA,NA
2012,F10E00,NA,NA,NA,NA,NA,NA,39176,NA,NA,NA,NA,NA,NA,NA,NA,NA,NA,NA,NA,NA,NA,NA,NA,NA,NA,NA,NA,NA,NA,NA,NA,NA,NA,NA
2012,F10N00,NA,NA,NA,NA,NA,NA,29611,NA,NA,NA,NA,NA,NA,NA,NA,NA,NA,NA,NA,NA,NA,NA,NA,NA,NA,NA,NA,NA,NA,NA,NA,NA,NA,NA
2012,F10S00,NA,NA,NA,NA,NA,NA,264952,NA,NA,NA,NA,NA,NA,NA,NA,NA,NA,NA,NA,NA,NA,NA,NA,NA,NA,NA,NA,NA,NA,NA,NA,NA,NA,NA
2012,GSLGE,NA,NA,NA,NA,State and local government (educational services),NA,203097,694049,725849,897146,627552,NA,66497,725849,NA,NA,NA,NA,NA,NA,NA,NA,NA,NA,NA,NA,NA,NA,NA,NA,725849,NA,NA,NA
2012,GSLGH,NA,NA,NA,NA,State and local government (hospitals and health services),NA,105517,132120,59899,237637,115292,NA,16828,59899,NA,NA,NA,NA,NA,NA,NA,NA,NA,NA,NA,NA,NA,NA,NA,NA,59899,NA,NA,NA
2012,GSLGO,NA,NA,NA,NA,State and local government (other services),NA,312969,499310,729970,812279,404283,NA,95027,729970,NA,NA,NA,NA,NA,NA,NA,NA,NA,NA,NA,NA,NA,NA,NA,NA,729970,NA,NA,NA
2012,S00101,NA,NA,NA,NA,NA,NA,7945,5750,NA,13695,3686,-100,2164,NA,NA,NA,NA,NA,NA,NA,NA,NA,NA,NA,NA,NA,NA,NA,NA,NA,NA,NA,NA,NA
2012,S00102,NA,NA,NA,NA,Other federal government enterprises,13750,12888,10439,13750,23328,11732,-5024,3732,NA,NA,NA,NA,NA,NA,NA,NA,NA,NA,NA,NA,NA,NA,NA,NA,NA,NA,NA,NA,NA
2012,S00201,NA,NA,NA,NA,NA,NA,26523,-11786,NA,14736,16489,-53,-28222,NA,NA,NA,NA,NA,NA,NA,NA,NA,NA,NA,NA,NA,NA,NA,NA,NA,NA,NA,NA,NA
2012,S00202,NA,NA,NA,NA,NA,NA,32374,27297,NA,59671,12156,NA,15141,NA,NA,NA,NA,NA,NA,NA,NA,NA,NA,NA,NA,NA,NA,NA,NA,NA,NA,NA,NA,NA
2012,S00203,NA,NA,NA,NA,Other state and local government enterprises,26517,119548,104614,85085,224162,62881,-17341,59074,58568,58568,NA,NA,NA,NA,NA,NA,NA,NA,NA,NA,NA,NA,NA,NA,NA,NA,NA,NA,NA
2012,S00500,NA,NA,NA,NA,Federal general government (defense),NA,268691,407610,650338,676302,248004,NA,159606,650338,NA,NA,NA,NA,NA,NA,NA,NA,650338,NA,NA,NA,NA,NA,NA,NA,NA,NA,NA,NA
2012,S00600,NA,NA,NA,NA,Federal general government (nondefense),NA,114324,256052,349383,370377,161051,NA,95001,349383,NA,NA,NA,NA,NA,NA,NA,NA,NA,NA,NA,NA,349383,NA,NA,NA,NA,NA,NA,NA
2012,T001,NA,NA,NA,NA,NA,NA,12978185,NA,NA,NA,8575372,1078078,6600517,NA,NA,NA,NA,NA,NA,NA,NA,NA,NA,NA,NA,NA,NA,NA,NA,NA,NA,NA,NA,NA
2012,col_426,NA,NA,NA,NA,NA,NA,16253966,NA,NA,NA,NA,NA,NA,NA,NA,NA,NA,NA,NA,NA,NA,NA,NA,NA,NA,NA,NA,NA,NA,NA,NA,NA,NA,NA
2012,col_427,NA,NA,NA,NA,NA,NA,29232151,NA,NA,NA,NA,NA,NA,NA,NA,NA,NA,NA,NA,NA,NA,NA,NA,NA,NA,NA,NA,NA,NA,NA,NA,NA,NA,NA
2017,4200ID,NA,NA,NA,NA,Customs duties,NA,0,38513,38513,38513,NA,38513,NA,38513,NA,NA,NA,NA,NA,NA,NA,38513,NA,NA,NA,NA,NA,NA,NA,NA,NA,NA,NA,NA
2017,814000,NA,NA,NA,NA,Private households,NA,0,18684,18684,18684,18684,0,NA,18684,18684,NA,NA,NA,NA,NA,NA,NA,NA,NA,NA,NA,NA,NA,NA,NA,NA,NA,NA,NA
2017,F01000,NA,NA,NA,NA,NA,NA,13290625,NA,NA,NA,NA,NA,NA,NA,NA,NA,NA,NA,NA,NA,NA,NA,NA,NA,NA,NA,NA,NA,NA,NA,NA,NA,NA,NA
2017,F02E00,NA,NA,NA,NA,NA,NA,1159953,NA,NA,NA,NA,NA,NA,NA,NA,NA,NA,NA,NA,NA,NA,NA,NA,NA,NA,NA,NA,NA,NA,NA,NA,NA,NA,NA
2017,F02N00,NA,NA,NA,NA,NA,NA,906246,NA,NA,NA,NA,NA,NA,NA,NA,NA,NA,NA,NA,NA,NA,NA,NA,NA,NA,NA,NA,NA,NA,NA,NA,NA,NA,NA
2017,F02R00,NA,NA,NA,NA,NA,NA,773891,NA,NA,NA,NA,NA,NA,NA,NA,NA,NA,NA,NA,NA,NA,NA,NA,NA,NA,NA,NA,NA,NA,NA,NA,NA,NA,NA
2017,F02S00,NA,NA,NA,NA,NA,NA,594900,NA,NA,NA,NA,NA,NA,NA,NA,NA,NA,NA,NA,NA,NA,NA,NA,NA,NA,NA,NA,NA,NA,NA,NA,NA,NA,NA
2017,F03000,NA,NA,NA,NA,NA,NA,32674,NA,NA,NA,NA,NA,NA,NA,NA,NA,NA,NA,NA,NA,NA,NA,NA,NA,NA,NA,NA,NA,NA,NA,NA,NA,NA,NA
2017,F04000,NA,NA,NA,NA,NA,NA,2082977,NA,NA,NA,NA,NA,NA,NA,NA,NA,NA,NA,NA,NA,NA,NA,NA,NA,NA,NA,NA,NA,NA,NA,NA,NA,NA,NA
2017,F05000,NA,NA,NA,NA,NA,NA,-2626305,NA,NA,NA,NA,NA,NA,NA,NA,NA,NA,NA,NA,NA,NA,NA,NA,NA,NA,NA,NA,NA,NA,NA,NA,NA,NA,NA
2017,F06C00,NA,NA,NA,NA,NA,NA,599358,NA,NA,NA,NA,NA,NA,NA,NA,NA,NA,NA,NA,NA,NA,NA,NA,NA,NA,NA,NA,NA,NA,NA,NA,NA,NA,NA
2017,F06E00,NA,NA,NA,NA,NA,NA,77264,NA,NA,NA,NA,NA,NA,NA,NA,NA,NA,NA,NA,NA,NA,NA,NA,NA,NA,NA,NA,NA,NA,NA,NA,NA,NA,NA
2017,F06N00,NA,NA,NA,NA,NA,NA,63714,NA,NA,NA,NA,NA,NA,NA,NA,NA,NA,NA,NA,NA,NA,NA,NA,NA,NA,NA,NA,NA,NA,NA,NA,NA,NA,NA
2017,F06S00,NA,NA,NA,NA,NA,NA,7956,NA,NA,NA,NA,NA,NA,NA,NA,NA,NA,NA,NA,NA,NA,NA,NA,NA,NA,NA,NA,NA,NA,NA,NA,NA,NA,NA
2017,F07C00,NA,NA,NA,NA,NA,NA,379143,NA,NA,NA,NA,NA,NA,NA,NA,NA,NA,NA,NA,NA,NA,NA,NA,NA,NA,NA,NA,NA,NA,NA,NA,NA,NA,NA
2017,F07E00,NA,NA,NA,NA,NA,NA,19195,NA,NA,NA,NA,NA,NA,NA,NA,NA,NA,NA,NA,NA,NA,NA,NA,NA,NA,NA,NA,NA,NA,NA,NA,NA,NA,NA
2017,F07N00,NA,NA,NA,NA,NA,NA,109261,NA,NA,NA,NA,NA,NA,NA,NA,NA,NA,NA,NA,NA,NA,NA,NA,NA,NA,NA,NA,NA,NA,NA,NA,NA,NA,NA
2017,F07S00,NA,NA,NA,NA,NA,NA,10161,NA,NA,NA,NA,NA,NA,NA,NA,NA,NA,NA,NA,NA,NA,NA,NA,NA,NA,NA,NA,NA,NA,NA,NA,NA,NA,NA
2017,F10C00,NA,NA,NA,NA,NA,NA,1737213,NA,NA,NA,NA,NA,NA,NA,NA,NA,NA,NA,NA,NA,NA,NA,NA,NA,NA,NA,NA,NA,NA,NA,NA,NA,NA,NA
2017,F10E00,NA,NA,NA,NA,NA,NA,44204,NA,NA,NA,NA,NA,NA,NA,NA,NA,NA,NA,NA,NA,NA,NA,NA,NA,NA,NA,NA,NA,NA,NA,NA,NA,NA,NA
2017,F10N00,NA,NA,NA,NA,NA,NA,44768,NA,NA,NA,NA,NA,NA,NA,NA,NA,NA,NA,NA,NA,NA,NA,NA,NA,NA,NA,NA,NA,NA,NA,NA,NA,NA,NA
2017,F10S00,NA,NA,NA,NA,NA,NA,304902,NA,NA,NA,NA,NA,NA,NA,NA,NA,NA,NA,NA,NA,NA,NA,NA,NA,NA,NA,NA,NA,NA,NA,NA,NA,NA,NA
2017,GSLGE,NA,NA,NA,NA,State and local government (educational services),NA,211797,808185,832472,1019982,731648,NA,76537,832472,NA,NA,NA,NA,NA,NA,NA,NA,NA,NA,NA,NA,NA,NA,NA,NA,832472,NA,NA,NA
2017,GSLGH,NA,NA,NA,NA,State and local government (hospitals and health services),NA,155740,157195,68698,312935,139316,NA,17879,68698,NA,NA,NA,NA,NA,NA,NA,NA,NA,NA,NA,NA,NA,NA,NA,NA,68698,NA,NA,NA
2017,GSLGO,NA,NA,NA,NA,State and local government (other services),NA,356474,579493,836043,935967,467952,NA,111540,836043,NA,NA,NA,NA,NA,NA,NA,NA,NA,NA,NA,NA,NA,NA,NA,NA,836043,NA,NA,NA
2017,S00101,NA,NA,NA,NA,NA,NA,9310,6563,NA,15873,1997,NA,4566,NA,NA,NA,NA,NA,NA,NA,NA,NA,NA,NA,NA,NA,NA,NA,NA,NA,NA,NA,NA,NA
2017,S00102,NA,NA,NA,NA,Other federal government enterprises,1233,8492,714,1233,9206,2973,-6339,4080,NA,NA,NA,NA,NA,NA,NA,NA,NA,NA,NA,NA,NA,NA,NA,NA,NA,NA,NA,NA,NA
2017,S00201,NA,NA,NA,NA,NA,NA,26997,-10069,NA,16928,26850,0,-36919,NA,NA,NA,NA,NA,NA,NA,NA,NA,NA,NA,NA,NA,NA,NA,NA,NA,NA,NA,NA,NA
2017,S00202,NA,NA,NA,NA,NA,NA,33921,29491,NA,63412,10203,NA,19288,NA,NA,NA,NA,NA,NA,NA,NA,NA,NA,NA,NA,NA,NA,NA,NA,NA,NA,NA,NA,NA
2017,S00203,NA,NA,NA,NA,Other state and local government enterprises,34550,148806,125103,107059,273909,69979,-18934,74058,72509,72509,NA,NA,NA,NA,NA,NA,NA,NA,NA,NA,NA,NA,NA,NA,NA,NA,NA,NA,NA
2017,S00500,NA,NA,NA,NA,Federal general government (defense),NA,218671,405619,599358,624290,246097,NA,159521,599358,NA,NA,NA,NA,NA,NA,NA,NA,599358,NA,NA,NA,NA,NA,NA,NA,NA,NA,NA,NA
2017,S00600,NA,NA,NA,NA,Federal general government (nondefense),NA,108827,296526,379143,405353,184220,NA,112305,379143,NA,NA,NA,NA,NA,NA,NA,NA,NA,NA,NA,NA,379143,NA,NA,NA,NA,NA,NA,NA
2017,T001,NA,NA,NA,NA,NA,NA,14856026,NA,NA,NA,10434980,1304098,7873026,NA,NA,NA,NA,NA,NA,NA,NA,NA,NA,NA,NA,NA,NA,NA,NA,NA,NA,NA,NA,NA
2017,col_426,NA,NA,NA,NA,NA,NA,19612103,NA,NA,NA,NA,NA,NA,NA,NA,NA,NA,NA,NA,NA,NA,NA,NA,NA,NA,NA,NA,NA,NA,NA,NA,NA,NA,NA
2017,col_427,NA,NA,NA,NA,NA,NA,34468130,NA,NA,NA,NA,NA,NA,NA,NA,NA,NA,NA,NA,NA,NA,NA,NA,NA,NA,NA,NA,NA,NA,NA,NA,NA,NA,NA
2007,S00401,NA,NA,NA,NA,Scrap,18423,NA,NA,9768,NA,NA,NA,NA,-8655,-4670,-12234,NA,NA,NA,108,13226,-5086,NA,NA,NA,NA,NA,0,NA,NA,NA,NA,NA,NA
2007,S00402,NA,NA,NA,NA,Used and secondhand goods,10407,NA,NA,NA,NA,NA,NA,NA,-10407,70093,-82535,NA,-3979,-2923,1247,12699,-6901,NA,0,NA,-4,NA,-788,NA,15,NA,-4224,NA,6892
2007,S00300,NA,NA,NA,NA,Noncomparable imports,111533,NA,NA,NA,NA,NA,NA,NA,-111533,73611,NA,4937,NA,NA,NA,NA,-190082,NA,NA,NA,NA,NA,NA,NA,NA,NA,NA,NA,NA
2007,S00900,NA,NA,NA,NA,Rest of the world adjustment,NA,NA,NA,1685,NA,NA,NA,NA,1685,-111046,NA,NA,NA,NA,NA,112731,NA,NA,NA,NA,NA,NA,NA,NA,NA,NA,NA,NA,NA
2007,T005,NA,NA,NA,NA,Total Intermediate,11776088,NA,NA,NA,NA,NA,NA,NA,14474227,9746595,893432,544828,690497,510302,33950,1507090,-2243023,528119,71773,69361,10011,272869,16131,71403,11358,1397544,44015,26618,271354
2007,V00100,NA,NA,NA,NA,Compensation of employees,7889371,NA,NA,NA,NA,NA,NA,NA,NA,NA,NA,NA,NA,NA,NA,NA,NA,NA,NA,NA,NA,NA,NA,NA,NA,NA,NA,NA,NA
2007,V00200,NA,NA,NA,NA,"Taxes on production and imports, less subsidies",982246,NA,NA,NA,NA,NA,NA,NA,NA,NA,NA,NA,NA,NA,NA,NA,NA,NA,NA,NA,NA,NA,NA,NA,NA,NA,NA,NA,NA
2007,V00300,NA,NA,NA,NA,Gross operating surplus,5602611,NA,NA,NA,NA,NA,NA,NA,NA,NA,NA,NA,NA,NA,NA,NA,NA,NA,NA,NA,NA,NA,NA,NA,NA,NA,NA,NA,NA
2007,T006,NA,NA,NA,NA,Total Value Added,NA,NA,NA,NA,NA,NA,NA,NA,NA,NA,NA,NA,NA,NA,NA,NA,NA,NA,NA,NA,NA,NA,NA,NA,NA,NA,NA,NA,NA
2007,T008,NA,NA,NA,NA,Total Industry Output,NA,NA,NA,26250316,NA,NA,NA,NA,NA,NA,NA,NA,NA,NA,NA,NA,NA,NA,NA,NA,NA,NA,NA,NA,NA,NA,NA,NA,NA
2012,S00401,NA,NA,NA,NA,Scrap,21286,NA,NA,8532,NA,NA,NA,NA,-12754,-1398,-21736,NA,NA,NA,286,16733,-6639,NA,NA,NA,NA,NA,0,NA,NA,NA,NA,NA,NA
2012,S00402,NA,NA,NA,NA,Used and secondhand goods,15842,NA,NA,NA,NA,NA,NA,NA,-15842,56731,-80271,NA,-1384,-1375,7574,14460,-6030,NA,0,NA,-4,NA,-76,NA,-365,NA,-8223,NA,3122
2012,S00300,NA,NA,NA,NA,Noncomparable imports,123545,NA,NA,NA,NA,NA,NA,NA,-123545,84964,NA,5571,NA,NA,NA,NA,-214080,NA,NA,NA,NA,NA,NA,NA,NA,NA,NA,NA,NA
2012,S00900,NA,NA,NA,NA,Rest of the world adjustment,NA,NA,NA,2843,NA,NA,NA,NA,2843,-158323,NA,NA,NA,NA,NA,161166,0,NA,NA,NA,NA,NA,NA,NA,NA,NA,NA,NA,NA
2012,T005,NA,NA,NA,NA,Total Intermediate,12978185,NA,NA,NA,NA,NA,NA,NA,16253966,11047363,983401,655691,432015,479435,71212,1981560,-2533178,650338,85228,70507,8103,349383,18732,90241,14478,1515718,39176,29611,264952
2012,V00100,NA,NA,NA,NA,Compensation of employees,8575372,NA,NA,NA,NA,NA,NA,NA,NA,NA,NA,NA,NA,NA,NA,NA,NA,NA,NA,NA,NA,NA,NA,NA,NA,NA,NA,NA,NA
2012,V00200,NA,NA,NA,NA,"Taxes on production and imports, less subsidies",1078078,NA,NA,NA,NA,NA,NA,NA,NA,NA,NA,NA,NA,NA,NA,NA,NA,NA,NA,NA,NA,NA,NA,NA,NA,NA,NA,NA,NA
2012,V00300,NA,NA,NA,NA,Gross operating surplus,6600517,NA,NA,NA,NA,NA,NA,NA,NA,NA,NA,NA,NA,NA,NA,NA,NA,NA,NA,NA,NA,NA,NA,NA,NA,NA,NA,NA,NA
2012,T006,NA,NA,NA,NA,Total Value Added,NA,NA,NA,NA,NA,NA,NA,NA,NA,NA,NA,NA,NA,NA,NA,NA,NA,NA,NA,NA,NA,NA,NA,NA,NA,NA,NA,NA,NA
2012,T008,NA,NA,NA,NA,Total Industry Output,NA,NA,NA,29232151,NA,NA,NA,NA,NA,NA,NA,NA,NA,NA,NA,NA,NA,NA,NA,NA,NA,NA,NA,NA,NA,NA,NA,NA,NA
2017,S00401,NA,NA,NA,NA,Scrap,30485,NA,NA,10763,NA,NA,NA,NA,-19722,-12990,-9109,NA,NA,NA,86,9002,-6711,NA,NA,NA,NA,NA,0,NA,NA,NA,NA,NA,NA
2017,S00402,NA,NA,NA,NA,Used and secondhand goods,27562,NA,NA,NA,NA,NA,NA,NA,-27562,94319,-116054,NA,1361,-2586,4113,11931,-7364,NA,0,NA,-4,NA,-4,NA,-2683,NA,-14497,NA,3909
2017,S00300,NA,NA,NA,NA,Noncomparable imports,142489,NA,NA,NA,NA,NA,NA,NA,-142489,110221,NA,7711,NA,NA,NA,NA,-260421,NA,NA,NA,NA,NA,NA,NA,NA,NA,NA,NA,NA
2017,S00900,NA,NA,NA,NA,Rest of the world adjustment,NA,NA,NA,3468,NA,NA,NA,NA,3468,-200997,NA,NA,NA,NA,NA,204439,26,NA,NA,NA,NA,NA,NA,NA,NA,NA,NA,NA,NA
2017,T005,NA,NA,NA,NA,Total Intermediate,14856026,NA,NA,NA,NA,NA,NA,NA,19612103,13290625,1159953,906246,773891,594900,32674,2082977,-2626305,599358,77264,63714,7956,379143,19195,109261,10161,1737213,44204,44768,304902
2017,V00100,NA,NA,NA,NA,Compensation of employees,10434980,NA,NA,NA,NA,NA,NA,NA,NA,NA,NA,NA,NA,NA,NA,NA,NA,NA,NA,NA,NA,NA,NA,NA,NA,NA,NA,NA,NA
2017,V00200,NA,NA,NA,NA,"Taxes on production and imports, less subsidies",1304098,NA,NA,NA,NA,NA,NA,NA,NA,NA,NA,NA,NA,NA,NA,NA,NA,NA,NA,NA,NA,NA,NA,NA,NA,NA,NA,NA,NA
2017,V00300,NA,NA,NA,NA,Gross operating surplus,7873026,NA,NA,NA,NA,NA,NA,NA,NA,NA,NA,NA,NA,NA,NA,NA,NA,NA,NA,NA,NA,NA,NA,NA,NA,NA,NA,NA,NA
2017,T006,NA,NA,NA,NA,Total Value Added,NA,NA,NA,NA,NA,NA,NA,NA,NA,NA,NA,NA,NA,NA,NA,NA,NA,NA,NA,NA,NA,NA,NA,NA,NA,NA,NA,NA,NA
2017,T008,NA,NA,NA,NA,Total Industry Output,NA,NA,NA,34468130,NA,NA,NA,NA,NA,NA,NA,NA,NA,NA,NA,NA,NA,NA,NA,NA,NA,NA,NA,NA,NA,NA,NA,NA,NA
